id,flag,01,02,03
lFOatVZgA1,2,-30.6713,NA,NA
v0ubsapPeI,4,6.901,6.0024,14.2067
VlWl4mKZRf,4,-36.8738,-39.185,-0.0818
tm36z6MjWK,4,21.5363,19.1871,0.2407
h5E9JO5qSv,4,33.877,33.2408,42.1308
cN5Q21JbDk,4,6.901,6.0024,14.2067
7X41sCC8EV,2,-30.6713,NA,NA
OUlDqPRlTW,2,-30.6713,NA,NA
o5ZuWha23d,2,39.3822,NA,NA
7WVFCD9E70,2,-30.6713,NA,NA
mEKf48Bqcp,4,33.877,33.2408,42.1308
1eckFZM6Kp,2,22.0981,NA,NA
6mmUmMNidj,2,22.0981,NA,NA
Xmcm7VHbo6,2,39.3822,NA,NA
xJh4tWU8Rt,2,-30.6713,NA,NA
BJxY1VqXMn,4,21.5363,19.1871,0.2407
WjXh1aeNON,4,-36.8738,-39.185,-0.0818
OOPseHwcwX,4,-36.8738,-39.185,-0.0818
666YMs2xzF,4,-29.6867,-26.7863,-29.2983
TijvDnwxmH,4,21.5363,19.1871,0.2407
jaFCAxpkN1,4,30.2132,49.8275,27.0755
izk4s2XKTx,2,-30.6713,NA,NA
0OO6fBK8vv,2,22.0981,NA,NA
bvemfpvXud,4,11.4208,11.6978,-1.6536
DafMXkM7Fv,4,33.877,33.2408,42.1308
N13rWX0fby,4,6.6664,35.2506,4.1819
IbhgSakOx7,4,33.877,33.2408,42.1308
Uykc3jin7D,4,-36.8738,-39.185,-0.0818
760meqwwc0,4,-29.6867,-26.7863,-29.2983
hcy3ydrlnP,4,21.5363,19.1871,0.2407
FQr8ptmulV,2,-30.6713,NA,NA
DR1jwnVzNj,4,11.4208,11.6978,-1.6536
hTwnyA9fn6,4,21.5363,19.1871,0.2407
q0I0ao7s8U,4,21.5363,19.1871,0.2407
BtmUbqfLtu,2,-30.6713,NA,NA
PsGL5qNxp1,4,-29.6867,-26.7863,-29.2983
YTvRn11mhr,4,11.4208,11.6978,-1.6536
Da0Nw2g4Q6,4,33.877,33.2408,42.1308
98KdiwYWjh,2,22.0981,NA,NA
XtbMreio4h,4,30.2132,49.8275,27.0755
gOeBtve5V8,4,-36.8738,-39.185,-0.0818
t7tZRTH1WX,4,-36.8738,-39.185,-0.0818
JsGbEc0OAw,4,6.901,6.0024,14.2067
6ALowESafC,2,-30.6713,NA,NA
miruSks0tK,4,21.5363,19.1871,0.2407
emTMCDNcYE,4,33.877,33.2408,42.1308
eI5qhLlk3x,4,11.4208,11.6978,-1.6536
6I8xHU0d0Z,4,6.901,6.0024,14.2067
se2VdBsVeC,2,22.0981,NA,NA
A3Q5nFsGer,2,-30.6713,NA,NA
qPeOdI6Glu,4,-29.6867,-26.7863,-29.2983
1QqjItuIYM,4,11.4208,11.6978,-1.6536
pjQLlvZFIZ,4,-36.8738,-39.185,-0.0818
M1xet6oOeG,2,-30.6713,NA,NA
XDvNjQXWRc,4,-36.8738,-39.185,-0.0818
v9pqBI0kG4,4,11.4208,11.6978,-1.6536
LIyl1MLueK,4,30.2132,49.8275,27.0755
AbUXi8DbrO,4,-29.6867,-26.7863,-29.2983
tKYcG1gDN4,4,30.2132,49.8275,27.0755
CoyhvQhhee,4,33.877,33.2408,42.1308
SeqFeFu3Ok,2,39.3822,NA,NA
WU2ByGZqFP,4,30.2132,49.8275,27.0755
DIbh6pDmVi,2,-30.6713,NA,NA
88kORWPjP4,2,-30.6713,NA,NA
JCQPnaIJGI,2,22.0981,NA,NA
7OrqcmPDzO,2,39.3822,NA,NA
u0e8qwGrWk,2,-30.6713,NA,NA
B8o3rfVDZ8,4,33.877,33.2408,42.1308
Zh7LpuAPpt,2,39.3822,NA,NA
XTfdBLslN5,4,30.2132,49.8275,27.0755
DanDIE8LE3,4,-36.8738,-39.185,-0.0818
Gf9va4KfRV,4,6.901,6.0024,14.2067
LnPlL8SwV4,4,21.5363,19.1871,0.2407
3zRBBI54Wv,4,-29.6867,-26.7863,-29.2983
ckuyQg1rBA,4,21.5363,19.1871,0.2407
Uo6OJBoxvj,2,22.0981,NA,NA
qftdF1ER9n,2,22.0981,NA,NA
pwfOSXACQO,2,39.3822,NA,NA
f9E0byHOb7,2,22.0981,NA,NA
4bS3pWIxbM,4,-36.8738,-39.185,-0.0818
v6lEzV9Msw,4,6.6664,35.2506,4.1819
k7XgWuMMPV,4,21.5363,19.1871,0.2407
Bgej3nfCMm,2,39.3822,NA,NA
tYtmvoGWJM,4,6.6664,35.2506,4.1819
nIEfUPFhRJ,4,-29.6867,-26.7863,-29.2983
NYU9iPg2lY,4,30.2132,49.8275,27.0755
N7zjPZF4Kh,4,33.877,33.2408,42.1308
c7HqN8F8Yj,4,30.2132,49.8275,27.0755
k33ckPRrMK,4,6.6664,35.2506,4.1819
3mMzMFKAiK,4,-29.6867,-26.7863,-29.2983
Ij44Bnr81y,2,-30.6713,NA,NA
4uctbcGLEf,2,39.3822,NA,NA
9Er6GZLD0I,4,6.6664,35.2506,4.1819
NGtD8OFMKJ,4,30.2132,49.8275,27.0755
5cr0lJ30mj,4,11.4208,11.6978,-1.6536
1LLuAVZg4X,4,-29.6867,-26.7863,-29.2983
7WbWxp4rEN,4,6.901,6.0024,14.2067
9ax9l7Ei21,4,6.901,6.0024,14.2067
0CUYQRZbrx,4,33.877,33.2408,42.1308
uc0VDmizgf,4,-29.6867,-26.7863,-29.2983
TmKMPke7aW,4,6.901,6.0024,14.2067
27qkgLqzyx,4,-29.6867,-26.7863,-29.2983
8el2sexi6t,4,-36.8738,-39.185,-0.0818
J6GUWZwQzd,4,-29.6867,-26.7863,-29.2983
jRYxUmXGNP,2,-30.6713,NA,NA
OxPxYz68hR,2,22.0981,NA,NA
KdvaWeV6Zw,4,-29.6867,-26.7863,-29.2983
PRfdfcH9uB,4,6.6664,35.2506,4.1819
vaPZUJxOE9,4,21.5363,19.1871,0.2407
HGvc082Th0,4,21.5363,19.1871,0.2407
gNgjOv4u6g,2,-30.6713,NA,NA
ttot35TyvY,2,22.0981,NA,NA
ALJHL91eyh,4,30.2132,49.8275,27.0755
ztKSe1GUPE,4,6.6664,35.2506,4.1819
g5EKfVaCSk,4,30.2132,49.8275,27.0755
Cx4td6Kyri,4,11.4208,11.6978,-1.6536
fIX01bvxXt,4,21.5363,19.1871,0.2407
1DQ22IOSob,4,-29.6867,-26.7863,-29.2983
t6gBxeYv5K,4,21.5363,19.1871,0.2407
k1O86pYUC0,4,11.4208,11.6978,-1.6536
yccDtbDuqW,4,21.5363,19.1871,0.2407
YJYjYub5r0,2,-30.6713,NA,NA
dtkIL2Ame3,4,11.4208,11.6978,-1.6536
NNlZaNgPQO,4,-29.6867,-26.7863,-29.2983
mchSj2A7K4,4,6.6664,35.2506,4.1819
nYbovGKYvc,2,-30.6713,NA,NA
ZxP6JQS8Xe,4,33.877,33.2408,42.1308
37d7DqJPzk,4,33.877,33.2408,42.1308
iOKoHaQXsQ,4,-29.6867,-26.7863,-29.2983
PhH4i7VaOI,4,-36.8738,-39.185,-0.0818
tDYZG0B4ZE,4,-29.6867,-26.7863,-29.2983
godrr8WhZW,2,39.3822,NA,NA
HvvZvAsafS,4,11.4208,11.6978,-1.6536
4FtAUv1DKy,2,22.0981,NA,NA
x5FlJZPmSV,4,6.901,6.0024,14.2067
A1jB5AsYLY,4,30.2132,49.8275,27.0755
yFInMcbz9J,4,33.877,33.2408,42.1308
1u999dynrR,2,22.0981,NA,NA
4KhUMIunl7,4,30.2132,49.8275,27.0755
gX3LlcdnUR,2,-30.6713,NA,NA
A6i7mdircF,2,22.0981,NA,NA
Wft4Q9HhkF,4,21.5363,19.1871,0.2407
6588ruGOD1,2,-30.6713,NA,NA
iPehplTT1e,2,-30.6713,NA,NA
DXPYHY8sxG,2,22.0981,NA,NA
AmaGS12KVP,4,30.2132,49.8275,27.0755
WBDDGtxq2n,4,21.5363,19.1871,0.2407
spri6ZcHPw,2,39.3822,NA,NA
HDlARQZu88,2,39.3822,NA,NA
GxHnt3N3oF,4,6.901,6.0024,14.2067
JYnd80JKzT,2,-30.6713,NA,NA
BbnYiWAuG4,4,-36.8738,-39.185,-0.0818
AsVwdqxyAT,4,30.2132,49.8275,27.0755
EZCh0kTslc,2,22.0981,NA,NA
VgZu9loaSK,4,21.5363,19.1871,0.2407
An4hW24CNK,2,-30.6713,NA,NA
ztJN1Z7nui,4,6.901,6.0024,14.2067
FPCqKIYqgX,4,11.4208,11.6978,-1.6536
mOZlRKPmQ7,4,21.5363,19.1871,0.2407
lnhT1Z2j0d,4,6.901,6.0024,14.2067
ciXYKEWYb6,4,30.2132,49.8275,27.0755
7bg6VDmuA0,2,22.0981,NA,NA
3SFx94J0Ai,4,6.6664,35.2506,4.1819
mTibVt5tlM,4,30.2132,49.8275,27.0755
Kxzy9jlIEJ,4,-29.6867,-26.7863,-29.2983
s8Z2n39vIR,4,33.877,33.2408,42.1308
7IC0pIFCo4,4,-29.6867,-26.7863,-29.2983
VAtcbWibe8,4,33.877,33.2408,42.1308
5x0WBvh8N0,2,-30.6713,NA,NA
CSbjliFP1r,2,39.3822,NA,NA
iYQ7QmKjim,2,-30.6713,NA,NA
L8pZKrtStJ,4,6.901,6.0024,14.2067
MuUAMHr4Fl,2,-30.6713,NA,NA
ZYYLnUGGEY,4,11.4208,11.6978,-1.6536
ZuQ1SexfgY,4,11.4208,11.6978,-1.6536
vvbPeRlTIK,4,30.2132,49.8275,27.0755
GkwsC4eaWF,4,11.4208,11.6978,-1.6536
RPKX3m8paU,4,21.5363,19.1871,0.2407
MIM7O2IfZt,2,39.3822,NA,NA
54ATZXsIoQ,4,33.877,33.2408,42.1308
3Fz5zv7UMz,4,6.901,6.0024,14.2067
AFf6lvR3UC,4,-29.6867,-26.7863,-29.2983
zEYRSafIxp,2,22.0981,NA,NA
BVr3TJDcQQ,2,39.3822,NA,NA
yOKaegXwam,4,-36.8738,-39.185,-0.0818
pQXZu7F413,2,-30.6713,NA,NA
VIoTQeiii4,4,6.901,6.0024,14.2067
A68S1bWEP7,4,6.6664,35.2506,4.1819
scMutiOrYt,4,11.4208,11.6978,-1.6536
ASq7q4mJTL,4,11.4208,11.6978,-1.6536
Nawb6C1DSK,4,-36.8738,-39.185,-0.0818
XgIiSD3O7F,4,-29.6867,-26.7863,-29.2983
mM0I3J0Q5y,4,11.4208,11.6978,-1.6536
WfnwMId4h9,4,33.877,33.2408,42.1308
NEsSp64ReX,4,11.4208,11.6978,-1.6536
CMVJSWCajs,4,6.901,6.0024,14.2067
7p8l6DGYAb,4,30.2132,49.8275,27.0755
gJItX2yk6e,4,30.2132,49.8275,27.0755
CXXWdyAinP,4,21.5363,19.1871,0.2407
eoERzvjF7Z,4,11.4208,11.6978,-1.6536
I99Bi7cdNs,4,21.5363,19.1871,0.2407
oVJ5EBLGei,4,33.877,33.2408,42.1308
kF9omexdaA,4,-36.8738,-39.185,-0.0818
61zJpjOqUL,4,33.877,33.2408,42.1308
4x9TuTJTht,2,-30.6713,NA,NA
WF7tlw0u6J,2,22.0981,NA,NA
ztHHgxophu,2,22.0981,NA,NA
QHes5Fqjpl,4,11.4208,11.6978,-1.6536
Nn3JjLWaVX,4,21.5363,19.1871,0.2407
zdvtvMVKVt,2,22.0981,NA,NA
sB5Yp24Dkh,2,-30.6713,NA,NA
qe5bG08asv,2,39.3822,NA,NA
JpVAYHTyeZ,4,6.901,6.0024,14.2067
3yeQBCs8dp,4,21.5363,19.1871,0.2407
vDTtZCP2db,2,39.3822,NA,NA
KHZrMkkyHn,4,30.2132,49.8275,27.0755
gz96m5rKI8,2,-30.6713,NA,NA
MtDuPNgQqQ,2,22.0981,NA,NA
Vdz4ydzUt4,4,6.6664,35.2506,4.1819
N5zBLPDUVd,2,39.3822,NA,NA
5N0ZxQ3TX4,2,-30.6713,NA,NA
kzJCpF9oGE,4,6.6664,35.2506,4.1819
MGw8kQF4EG,4,-29.6867,-26.7863,-29.2983
JrSpnkk52g,4,6.6664,35.2506,4.1819
fWDCQCNnSm,4,-29.6867,-26.7863,-29.2983
snOYA6Hfke,4,11.4208,11.6978,-1.6536
CRNwG2UYXX,4,-29.6867,-26.7863,-29.2983
i32U5MWJ9w,4,21.5363,19.1871,0.2407
n4GFUXiRrz,2,22.0981,NA,NA
Ix2jBgw8Ln,2,39.3822,NA,NA
Rtin8NzQlr,2,22.0981,NA,NA
O4YDkUbQ9i,4,33.877,33.2408,42.1308
ewY0GDMnBK,4,11.4208,11.6978,-1.6536
ZylakO49eW,2,-30.6713,NA,NA
HOE3AgbwS3,2,39.3822,NA,NA
puTg5y05PF,4,33.877,33.2408,42.1308
tleHOBXmBr,4,30.2132,49.8275,27.0755
ZnryLUT6mR,4,33.877,33.2408,42.1308
X9PgcPmmQ9,4,-29.6867,-26.7863,-29.2983
f3m8u4Ez61,4,11.4208,11.6978,-1.6536
uzdwmMsZ3r,4,11.4208,11.6978,-1.6536
FA5rDObBGl,4,21.5363,19.1871,0.2407
nqcAB4MKu0,4,30.2132,49.8275,27.0755
h8V4FkWU6D,4,-36.8738,-39.185,-0.0818
mJfyROaBGu,4,11.4208,11.6978,-1.6536
K9FH8p1nub,4,21.5363,19.1871,0.2407
cBDxHd8WJ1,4,11.4208,11.6978,-1.6536
S3LW8N5JCR,4,33.877,33.2408,42.1308
2BeyS5rQOD,2,39.3822,NA,NA
psH73hbPqi,4,33.877,33.2408,42.1308
lQD5zDcNbo,4,6.6664,35.2506,4.1819
L1x7K0R7m7,4,-29.6867,-26.7863,-29.2983
jKngwdzYRB,4,33.877,33.2408,42.1308
d5NVX1HVua,4,6.901,6.0024,14.2067
SaxYCwTJnU,2,-30.6713,NA,NA
akWJh7t3kU,4,6.901,6.0024,14.2067
3NAurlZC73,4,6.901,6.0024,14.2067
fQ5f85G4p4,4,11.4208,11.6978,-1.6536
dx4Fln4F65,4,30.2132,49.8275,27.0755
XiSCnmkYzc,2,22.0981,NA,NA
j3Vm9U3EC2,4,6.901,6.0024,14.2067
E98kcIB2ma,4,6.6664,35.2506,4.1819
3SiVUuFveC,4,-29.6867,-26.7863,-29.2983
SjvLkAprYu,4,6.901,6.0024,14.2067
4LTf2qbWZB,2,22.0981,NA,NA
GacilAf7jo,4,6.901,6.0024,14.2067
e39B06HLgO,4,21.5363,19.1871,0.2407
aCYFtFL3fN,4,-29.6867,-26.7863,-29.2983
gXkddT6hV0,4,33.877,33.2408,42.1308
BntvgoQiBu,4,6.6664,35.2506,4.1819
jyPxOLQmDa,4,21.5363,19.1871,0.2407
hmMi63qf2Z,2,22.0981,NA,NA
4pSR9VwukO,4,33.877,33.2408,42.1308
6TbqalV2d2,2,22.0981,NA,NA
yFdx4tIi0v,4,-36.8738,-39.185,-0.0818
fFlnNiShLZ,2,39.3822,NA,NA
Yi09ttxJC2,2,39.3822,NA,NA
d9kUlPOA1c,4,-36.8738,-39.185,-0.0818
fgF8Y8QKVb,4,11.4208,11.6978,-1.6536
SGQmr5TzAL,4,33.877,33.2408,42.1308
WmiJsFTZC3,4,6.901,6.0024,14.2067
s7C6ugAbIW,4,-29.6867,-26.7863,-29.2983
k8UV836dS2,4,11.4208,11.6978,-1.6536
vENvRRmIlJ,4,-36.8738,-39.185,-0.0818
R858K3G6Oi,4,-36.8738,-39.185,-0.0818
0Y8Wo682lD,4,30.2132,49.8275,27.0755
bwx95D3AKr,4,-36.8738,-39.185,-0.0818
8MQOgLKlTR,2,22.0981,NA,NA
QPiBFnG9KQ,2,39.3822,NA,NA
ganjTrxwyU,4,6.901,6.0024,14.2067
loOoqJm4Hv,4,-36.8738,-39.185,-0.0818
tExYjGHyOB,4,33.877,33.2408,42.1308
ClyrXbH6ho,2,22.0981,NA,NA
g6nHOGO7u7,4,11.4208,11.6978,-1.6536
wOZFt3W6oT,4,21.5363,19.1871,0.2407
D2tpPWpAno,4,-36.8738,-39.185,-0.0818
xfHdufgfxk,4,11.4208,11.6978,-1.6536
GJrNxFoZGm,4,-29.6867,-26.7863,-29.2983
l3Oboj2rq9,4,11.4208,11.6978,-1.6536
pToj98L79N,4,6.901,6.0024,14.2067
tchoEwxzIO,4,-29.6867,-26.7863,-29.2983
usdxAcSp74,4,6.901,6.0024,14.2067
Vhz6CKwBSg,4,11.4208,11.6978,-1.6536
qGsh98w0Uu,4,11.4208,11.6978,-1.6536
GdjqlmFyXG,4,6.901,6.0024,14.2067
itDTy3rt5O,2,-30.6713,NA,NA
JWnS3C8dsm,4,6.901,6.0024,14.2067
sgD02GXQFk,4,30.2132,49.8275,27.0755
HlvSK5Sn1j,4,-36.8738,-39.185,-0.0818
AC4Bnnpmoz,4,-29.6867,-26.7863,-29.2983
bqbJp8PVDx,4,11.4208,11.6978,-1.6536
2OhLRtMy8s,4,33.877,33.2408,42.1308
gUwAZb55jZ,4,6.6664,35.2506,4.1819
rHRpHxb8H4,4,11.4208,11.6978,-1.6536
S3gb1YH3aE,4,6.901,6.0024,14.2067
IcUv4GxVwU,4,21.5363,19.1871,0.2407
c7j6hdgHSI,4,11.4208,11.6978,-1.6536
O71A5sA35q,2,39.3822,NA,NA
x4i087jkkG,4,6.901,6.0024,14.2067
OE7Gk7wduR,4,30.2132,49.8275,27.0755
RQ3OzwDu1Q,4,30.2132,49.8275,27.0755
G4wQHphsdp,4,-29.6867,-26.7863,-29.2983
AS0oC8ETEx,2,22.0981,NA,NA
gO0WphgkJV,4,21.5363,19.1871,0.2407
s2rvzhVISy,4,-29.6867,-26.7863,-29.2983
oX6iO99fh5,2,39.3822,NA,NA
8gOCGdkKza,4,6.6664,35.2506,4.1819
vZNHCyg7xn,4,6.901,6.0024,14.2067
6ACC3tubkm,4,21.5363,19.1871,0.2407
47xCwjptub,4,6.901,6.0024,14.2067
yAU3CueM27,4,30.2132,49.8275,27.0755
JsyC8Yc6dq,4,21.5363,19.1871,0.2407
QsSsdAYhVA,4,30.2132,49.8275,27.0755
Xm90wz5meg,4,30.2132,49.8275,27.0755
QPN2oEbSYA,4,-29.6867,-26.7863,-29.2983
UAdaFKiCC5,4,6.6664,35.2506,4.1819
ZpqV29iWMA,2,-30.6713,NA,NA
bMYSYlpxEm,4,6.6664,35.2506,4.1819
dl8dnMx0fU,4,-29.6867,-26.7863,-29.2983
biX77qH0vO,4,6.901,6.0024,14.2067
N3nQJHfkkK,2,39.3822,NA,NA
Nx6LcXmaEw,4,21.5363,19.1871,0.2407
X7hlkwPkRr,4,33.877,33.2408,42.1308
4T1dElPVmZ,4,-36.8738,-39.185,-0.0818
OqFGyG60We,4,-36.8738,-39.185,-0.0818
I7Jo5DXd8a,4,-29.6867,-26.7863,-29.2983
5u7xWPtleL,4,30.2132,49.8275,27.0755
xStf3jPfIO,4,11.4208,11.6978,-1.6536
WXrfxhBD0R,4,-29.6867,-26.7863,-29.2983
VNRNVbtO6r,4,-36.8738,-39.185,-0.0818
bNe5j9gpVq,4,21.5363,19.1871,0.2407
UDq6UdHzbX,2,22.0981,NA,NA
WTw5JduRf1,2,-30.6713,NA,NA
THKsHGziYz,4,21.5363,19.1871,0.2407
IatrDHmBUt,2,39.3822,NA,NA
TpgZLPI8pp,2,39.3822,NA,NA
Xb4sHOREfG,2,39.3822,NA,NA
TWpysE3Wya,4,21.5363,19.1871,0.2407
81Rqd3asPh,4,-29.6867,-26.7863,-29.2983
f7yl8RyS9w,2,39.3822,NA,NA
yFuwdpoifh,4,30.2132,49.8275,27.0755
skrmo1Db1s,4,33.877,33.2408,42.1308
vNRCycPVdD,4,30.2132,49.8275,27.0755
iNt2KzI67Z,4,21.5363,19.1871,0.2407
HJMwu50UqS,4,11.4208,11.6978,-1.6536
ANsajO6QIH,4,21.5363,19.1871,0.2407
BOxDTpoKYv,4,-29.6867,-26.7863,-29.2983
FPT5jkgCzq,4,-36.8738,-39.185,-0.0818
NXtuAxARTJ,2,39.3822,NA,NA
wThx3hEuZJ,2,22.0981,NA,NA
1WlfzQRguC,2,22.0981,NA,NA
xMY6QEzclk,4,6.6664,35.2506,4.1819
qF2lICDXib,4,-29.6867,-26.7863,-29.2983
8Bd3wmJ2sT,4,33.877,33.2408,42.1308
vmEexMOxzc,2,39.3822,NA,NA
C30vkz5hJ4,4,6.901,6.0024,14.2067
0mUI28KKKy,4,6.901,6.0024,14.2067
rdeENtO48m,4,-36.8738,-39.185,-0.0818
ZZE2LXCncV,4,-36.8738,-39.185,-0.0818
IoiEU8bCNJ,4,-29.6867,-26.7863,-29.2983
hxXr9sqiuT,4,-29.6867,-26.7863,-29.2983
F99Lzteb1E,2,22.0981,NA,NA
UaR9IWOOFG,2,39.3822,NA,NA
Wr3Xbf2Dg9,4,11.4208,11.6978,-1.6536
gP2E3xFLJj,2,39.3822,NA,NA
K8G0ORffq8,2,22.0981,NA,NA
7IlNRbc6cH,2,-30.6713,NA,NA
GUSf2Rqo8C,4,30.2132,49.8275,27.0755
kgVp71PT96,2,22.0981,NA,NA
VQ1k2UOxEp,4,-36.8738,-39.185,-0.0818
pckI1Se2pP,4,6.901,6.0024,14.2067
ILraxM9XJ9,2,22.0981,NA,NA
2xUxFnf1Bo,2,22.0981,NA,NA
GcQfB1fmVt,4,33.877,33.2408,42.1308
71Vnnhhohf,4,6.901,6.0024,14.2067
rPqsxJp2Cs,2,39.3822,NA,NA
XwC5tL6azB,4,-29.6867,-26.7863,-29.2983
uX9qXXrZPU,4,11.4208,11.6978,-1.6536
q87EEyPaCg,4,-29.6867,-26.7863,-29.2983
2N7dKmEput,4,6.901,6.0024,14.2067
1DDm7YFekM,4,6.901,6.0024,14.2067
flNjmFbavi,2,39.3822,NA,NA
nop1HqZnI8,4,21.5363,19.1871,0.2407
KQ61Vlly2a,2,39.3822,NA,NA
iloOC9f1F4,4,6.6664,35.2506,4.1819
8H6dKiydWR,4,-36.8738,-39.185,-0.0818
cWr0wOWo7g,4,21.5363,19.1871,0.2407
qxP8ijUOTX,2,22.0981,NA,NA
G2Tg1gttPy,4,6.6664,35.2506,4.1819
P0pjs9c4ms,4,-36.8738,-39.185,-0.0818
Ga1rWE2NGW,4,11.4208,11.6978,-1.6536
Vvf6QPlhad,4,21.5363,19.1871,0.2407
rCqhXdGTs6,4,11.4208,11.6978,-1.6536
xzQFTi4oeA,4,11.4208,11.6978,-1.6536
pteYHzzsfH,4,6.901,6.0024,14.2067
KQkpE1FIdU,4,6.901,6.0024,14.2067
KsMHueBr05,2,39.3822,NA,NA
eVSmYxedNX,2,39.3822,NA,NA
n2jgHviOXb,2,22.0981,NA,NA
oZ9onW1qct,4,33.877,33.2408,42.1308
50ftXy4t7e,4,21.5363,19.1871,0.2407
jDYsXdD6W6,4,6.901,6.0024,14.2067
fDEEypQCbd,4,6.6664,35.2506,4.1819
PiQJsa5S8q,4,-29.6867,-26.7863,-29.2983
LClo35nvGz,4,11.4208,11.6978,-1.6536
r7dTv2M39R,4,33.877,33.2408,42.1308
F8VnfG2Zj2,4,-29.6867,-26.7863,-29.2983
qgM2DXqbhj,4,21.5363,19.1871,0.2407
kYdmrJj4t7,4,30.2132,49.8275,27.0755
HXdj7femTE,4,-36.8738,-39.185,-0.0818
UQSOb4BYAr,4,11.4208,11.6978,-1.6536
JRmnMovbfq,4,-36.8738,-39.185,-0.0818
jomwPZNLKe,4,-29.6867,-26.7863,-29.2983
9MMJ573frI,4,6.901,6.0024,14.2067
H7eOquvbg0,2,39.3822,NA,NA
nnfueic3tL,2,-30.6713,NA,NA
QLT4kwqaM8,2,39.3822,NA,NA
Dj3hIexxS4,2,-30.6713,NA,NA
mu1Ir7q9LE,4,21.5363,19.1871,0.2407
1lp0HwO0aF,4,21.5363,19.1871,0.2407
8NHDNytViV,4,21.5363,19.1871,0.2407
1820ZArn4S,2,22.0981,NA,NA
ffcqbB2K6d,4,-36.8738,-39.185,-0.0818
vlKfHMbhbl,2,22.0981,NA,NA
O1GQ6Bmi3a,2,22.0981,NA,NA
EQjAsy8Ok9,4,6.901,6.0024,14.2067
jl5BTiBrjC,4,-36.8738,-39.185,-0.0818
4ONCnX1yne,4,30.2132,49.8275,27.0755
K0oOi2BCXj,4,6.6664,35.2506,4.1819
2Bv8d4s7hW,4,33.877,33.2408,42.1308
PkIQ4ljQD6,4,33.877,33.2408,42.1308
ZuvU7eGcgD,4,30.2132,49.8275,27.0755
bkex6sykYR,4,21.5363,19.1871,0.2407
qbsZFM0oL7,2,22.0981,NA,NA
86vM5wpozd,2,-30.6713,NA,NA
NLkS7hnbwf,4,6.901,6.0024,14.2067
lWLIKDMlwZ,4,-36.8738,-39.185,-0.0818
BNTCoFfVIX,4,33.877,33.2408,42.1308
U9cpMKmnqr,4,6.901,6.0024,14.2067
T2Uuhuhq4l,2,-30.6713,NA,NA
kwpZqwi5f2,4,6.901,6.0024,14.2067
CWAztqUxKh,4,-36.8738,-39.185,-0.0818
6tlpQcN6pN,4,30.2132,49.8275,27.0755
pN0sZtNU38,2,22.0981,NA,NA
cqKT7hpVBj,2,-30.6713,NA,NA
4ADPX8sIuC,4,21.5363,19.1871,0.2407
2JVogoGjKk,2,-30.6713,NA,NA
oamvzYSD6f,4,6.901,6.0024,14.2067
MOEyltrw49,4,21.5363,19.1871,0.2407
pMi647OH8a,4,6.6664,35.2506,4.1819
poAhsTVB5a,2,-30.6713,NA,NA
JOITHW9bcw,4,30.2132,49.8275,27.0755
2C3DjcAlHD,4,11.4208,11.6978,-1.6536
7letU2bP2l,4,6.6664,35.2506,4.1819
jBWHiX90v6,4,6.901,6.0024,14.2067
JOXkenIjBo,4,-36.8738,-39.185,-0.0818
lLygQRnqKp,4,6.6664,35.2506,4.1819
CN3J6BWa5V,4,-36.8738,-39.185,-0.0818
GC7uEEjuRM,4,11.4208,11.6978,-1.6536
uijNaolr2R,4,-29.6867,-26.7863,-29.2983
7Py2Un1VFF,4,30.2132,49.8275,27.0755
WMFqJSZFCu,2,39.3822,NA,NA
EhkMzcuI18,4,-36.8738,-39.185,-0.0818
Mm8JIvpNus,4,33.877,33.2408,42.1308
vvtiQS9Z3W,4,-36.8738,-39.185,-0.0818
BWMUNK7MsC,2,22.0981,NA,NA
dKhXkUGhMk,2,39.3822,NA,NA
AaEx05EXZH,2,22.0981,NA,NA
pKtfspPD7N,4,11.4208,11.6978,-1.6536
5ipqqnERBG,4,6.901,6.0024,14.2067
TEsEz3FeQy,2,-30.6713,NA,NA
5ZP7KYY328,4,6.901,6.0024,14.2067
DyG5R9Csks,4,11.4208,11.6978,-1.6536
CRCCCyTqNG,4,21.5363,19.1871,0.2407
DrcZ78i9Yi,4,33.877,33.2408,42.1308
nIs3w3JoXl,4,21.5363,19.1871,0.2407
s44T69d4uJ,2,22.0981,NA,NA
l2Pq3P2iN5,4,-36.8738,-39.185,-0.0818
WWAszEUInA,4,-36.8738,-39.185,-0.0818
71Z1OL6vEI,4,-29.6867,-26.7863,-29.2983
axskXeugVU,4,-36.8738,-39.185,-0.0818
Erabaje47h,4,33.877,33.2408,42.1308
YMkmJA2a1s,4,-29.6867,-26.7863,-29.2983
VYTlDSCd0b,4,30.2132,49.8275,27.0755
5onoP78Q04,4,-29.6867,-26.7863,-29.2983
0JyH5N0UHY,4,-36.8738,-39.185,-0.0818
nJd6Dy1jqX,4,-29.6867,-26.7863,-29.2983
S5zMzEQG0G,4,21.5363,19.1871,0.2407
Fh9At43QAw,4,-29.6867,-26.7863,-29.2983
h6P3Zi2PHm,4,30.2132,49.8275,27.0755
eWPqFkIVJB,2,-30.6713,NA,NA
4JonRvw5i2,4,21.5363,19.1871,0.2407
7QizMnajl3,2,-30.6713,NA,NA
9Px4TzJn7a,4,-29.6867,-26.7863,-29.2983
M53lBdoJT5,4,33.877,33.2408,42.1308
UZE6e2fDqU,4,6.901,6.0024,14.2067
1TePMflRYf,4,-36.8738,-39.185,-0.0818
wwVlalGRvK,2,39.3822,NA,NA
0pJh30rtgZ,4,21.5363,19.1871,0.2407
vUtyjL5EOh,4,6.6664,35.2506,4.1819
hLjp1TmzJ4,2,-30.6713,NA,NA
IIptfiJLEI,2,39.3822,NA,NA
lwFnuRg71n,4,33.877,33.2408,42.1308
1M08JJ6UfR,2,39.3822,NA,NA
4Y5zlqJ2Zn,2,39.3822,NA,NA
XRonY8hCi7,4,-36.8738,-39.185,-0.0818
O2eDyBdFbt,2,-30.6713,NA,NA
eppl627cXu,4,6.6664,35.2506,4.1819
6UnIWIy5LH,4,21.5363,19.1871,0.2407
KZ7t3FcC1R,4,-29.6867,-26.7863,-29.2983
uoBvS6gJFQ,2,-30.6713,NA,NA
PrmKXv3Bnd,4,11.4208,11.6978,-1.6536
SJhex1y9dT,4,30.2132,49.8275,27.0755
Sw8hnvN2SG,4,-36.8738,-39.185,-0.0818
gAmJhk9Tyn,4,21.5363,19.1871,0.2407
O0zk3bv42l,2,39.3822,NA,NA
Tjap0wvzs8,2,-30.6713,NA,NA
gxIA1YFnLt,4,-36.8738,-39.185,-0.0818
VthhORyCOq,2,-30.6713,NA,NA
52iC7DDKXx,2,22.0981,NA,NA
hkl9MWgwM9,2,39.3822,NA,NA
L9xnLtuPuy,4,-36.8738,-39.185,-0.0818
6zBB4XKMa6,2,-30.6713,NA,NA
xG5WxK3NQU,2,39.3822,NA,NA
HZ9V9qPzYc,4,30.2132,49.8275,27.0755
07kVSPgQQt,4,-36.8738,-39.185,-0.0818
RxOhlJhFHt,2,-30.6713,NA,NA
EeG8PAJ1TW,4,-29.6867,-26.7863,-29.2983
ddEKGwGrEB,4,-36.8738,-39.185,-0.0818
wLMpRrHVS5,4,11.4208,11.6978,-1.6536
NCuqUucYfK,4,30.2132,49.8275,27.0755
0eLXUkahtJ,4,30.2132,49.8275,27.0755
BS9cQNGJiY,2,22.0981,NA,NA
EnOgFiESp2,4,30.2132,49.8275,27.0755
Znh0TeDPYu,4,-36.8738,-39.185,-0.0818
sRXg3UdMJ8,2,-30.6713,NA,NA
8cpHnHw7qE,4,6.901,6.0024,14.2067
ECIstHjkR1,4,6.6664,35.2506,4.1819
WhUG3VH7YM,4,6.6664,35.2506,4.1819
inNL7d2nnp,4,33.877,33.2408,42.1308
5wHtnKYv5C,4,30.2132,49.8275,27.0755
zcDr3lFn15,2,-30.6713,NA,NA
7bxPefoHnE,4,6.901,6.0024,14.2067
1WkjAeY4it,4,6.901,6.0024,14.2067
LZkPBH7MLj,4,30.2132,49.8275,27.0755
fPSfb6uLsf,2,22.0981,NA,NA
FDbwlK36lk,2,39.3822,NA,NA
NSN65JRMUK,2,22.0981,NA,NA
FGQJotTzWk,2,22.0981,NA,NA
CFSV0hihKG,4,30.2132,49.8275,27.0755
DGKAi9mvOo,2,39.3822,NA,NA
6ClRLDAw5i,4,6.6664,35.2506,4.1819
ZXZUGqaJaw,4,30.2132,49.8275,27.0755
5cpyzDPxtA,2,-30.6713,NA,NA
DX1cXDFOYk,2,39.3822,NA,NA
TemdHZxvrp,4,30.2132,49.8275,27.0755
kUwN558m8T,4,-29.6867,-26.7863,-29.2983
LvVLJbd4rF,4,30.2132,49.8275,27.0755
c36YX95zHk,4,6.901,6.0024,14.2067
c3lphixyLi,4,11.4208,11.6978,-1.6536
lnv3A5FMIY,4,11.4208,11.6978,-1.6536
U2hfi4qy82,4,11.4208,11.6978,-1.6536
4bdddtPQDQ,4,6.6664,35.2506,4.1819
Px2OEoiMNg,4,-29.6867,-26.7863,-29.2983
mN7QNs2ork,2,39.3822,NA,NA
HjcIjMYKcE,2,39.3822,NA,NA
gscCmFrTcm,4,6.6664,35.2506,4.1819
mZAyaV3Lfu,4,11.4208,11.6978,-1.6536
sIf0waTX6c,4,6.6664,35.2506,4.1819
cblySq5hyg,2,-30.6713,NA,NA
Mds7cHh2Gh,4,33.877,33.2408,42.1308
j9MNazpeMn,2,39.3822,NA,NA
l8HaAhhuf6,2,-30.6713,NA,NA
J07G7zxGLM,4,21.5363,19.1871,0.2407
fQguoLYcyl,4,-36.8738,-39.185,-0.0818
HqozunTFG2,4,-36.8738,-39.185,-0.0818
4GRqdALqSO,4,33.877,33.2408,42.1308
UkYVcqQPkD,4,21.5363,19.1871,0.2407
xEm9GWNNnt,2,22.0981,NA,NA
n1Qxh2Hhdb,2,22.0981,NA,NA
oBIaYxlAh0,4,-29.6867,-26.7863,-29.2983
sw6tvJ7obJ,4,30.2132,49.8275,27.0755
Q8TyJWfAQ9,4,-29.6867,-26.7863,-29.2983
rhBLBYUodQ,4,11.4208,11.6978,-1.6536
X4E3rrXqBs,4,30.2132,49.8275,27.0755
A3Aj7nAMAe,4,33.877,33.2408,42.1308
Yw3ALELuZL,4,33.877,33.2408,42.1308
aRnWAWZbsu,2,-30.6713,NA,NA
l5BXF1aBDA,2,-30.6713,NA,NA
dZJKFXO9oF,4,6.901,6.0024,14.2067
W1PTsnSQq2,4,30.2132,49.8275,27.0755
m45nOkHlyT,4,6.901,6.0024,14.2067
ytMBQsNHZM,4,11.4208,11.6978,-1.6536
XXIX2oKxCG,2,-30.6713,NA,NA
rIhdTcagYY,4,11.4208,11.6978,-1.6536
LvjnzRVF1N,4,21.5363,19.1871,0.2407
3ety5EsGor,4,-36.8738,-39.185,-0.0818
pm1KwoKfcK,2,22.0981,NA,NA
80LR74rdyZ,4,-36.8738,-39.185,-0.0818
GSm2XfLqjT,4,-29.6867,-26.7863,-29.2983
hpvWdth7dN,2,39.3822,NA,NA
SvGdpxRanY,4,33.877,33.2408,42.1308
vzRZGB0C1i,4,33.877,33.2408,42.1308
kLQx07KDMQ,2,22.0981,NA,NA
PXfqpqzqu7,4,-36.8738,-39.185,-0.0818
KpdcoyeRcc,4,21.5363,19.1871,0.2407
N9tOIdZkcQ,4,33.877,33.2408,42.1308
qjdVqReDnF,2,-30.6713,NA,NA
Gu0M9lL5mn,4,6.6664,35.2506,4.1819
3L6VhCcDSZ,4,-36.8738,-39.185,-0.0818
4pZYU5WMLm,4,6.901,6.0024,14.2067
KRN7E97taa,2,-30.6713,NA,NA
9mnyPNVah3,4,33.877,33.2408,42.1308
UgOoM9qa0g,4,-29.6867,-26.7863,-29.2983
rpMGGJMBCv,2,39.3822,NA,NA
KML1jvUFke,2,22.0981,NA,NA
iHFF8ahYdb,4,21.5363,19.1871,0.2407
tpQbVzVXlH,2,-30.6713,NA,NA
Z5cmq9mUkP,4,-36.8738,-39.185,-0.0818
dMNhouYa1R,4,-36.8738,-39.185,-0.0818
4fUaZNYgsW,4,-29.6867,-26.7863,-29.2983
SCyBCyyQQF,2,39.3822,NA,NA
V7kJVMdftN,2,39.3822,NA,NA
FCbsBl7ybw,4,21.5363,19.1871,0.2407
ORQDbKc5LT,4,33.877,33.2408,42.1308
WYgCi7ORf9,4,6.901,6.0024,14.2067
lBEIbQTfmk,4,30.2132,49.8275,27.0755
oE8Cuccg8Z,4,-29.6867,-26.7863,-29.2983
w2CoFEM5LN,2,-30.6713,NA,NA
VvTEMYWHpa,4,6.901,6.0024,14.2067
5G9jBwvHPW,2,-30.6713,NA,NA
f77bFCYV0y,4,21.5363,19.1871,0.2407
xuZcU4SgHX,4,21.5363,19.1871,0.2407
rC0pPCQ2zB,4,-36.8738,-39.185,-0.0818
QDJOm77UjM,4,30.2132,49.8275,27.0755
Rz0CYAON0X,2,-30.6713,NA,NA
j4AoHBHI1k,4,30.2132,49.8275,27.0755
AVZN5HHKd2,4,6.6664,35.2506,4.1819
erRj5qLbh5,2,39.3822,NA,NA
5fBv06s3Tx,4,21.5363,19.1871,0.2407
2giB0qIjhW,2,22.0981,NA,NA
zQEOufKlu0,2,-30.6713,NA,NA
DPau14yIga,4,11.4208,11.6978,-1.6536
r263i1ZMPU,4,33.877,33.2408,42.1308
6jNJSKSw9j,2,22.0981,NA,NA
CBM4L8zzBK,2,39.3822,NA,NA
qVjK9SVr9r,4,30.2132,49.8275,27.0755
HjillACfsf,4,21.5363,19.1871,0.2407
GGwruLwjhI,2,39.3822,NA,NA
SErYWzXjMM,4,6.901,6.0024,14.2067
PZlUVJPfB0,4,30.2132,49.8275,27.0755
QszaBLDCzC,2,39.3822,NA,NA
IXZYZJFDnK,4,21.5363,19.1871,0.2407
1UinoHv8Jt,4,6.6664,35.2506,4.1819
GcB6Tir8ls,4,-36.8738,-39.185,-0.0818
7kO8rmS4Qi,4,21.5363,19.1871,0.2407
KsXOpN58vf,4,30.2132,49.8275,27.0755
aXClFX7hMn,4,6.901,6.0024,14.2067
EMSrOe90tA,4,-36.8738,-39.185,-0.0818
XdKR2JkuNj,2,-30.6713,NA,NA
j2lKcJnpzh,4,-29.6867,-26.7863,-29.2983
bsYWnxkb5C,2,-30.6713,NA,NA
Ek9ri3n8sG,4,-36.8738,-39.185,-0.0818
8SAK2mM63g,2,-30.6713,NA,NA
FumlXsukc5,2,-30.6713,NA,NA
xf6pnNWzMg,4,6.6664,35.2506,4.1819
8nJTG5zT4S,4,11.4208,11.6978,-1.6536
nZ27QsAMRM,4,-36.8738,-39.185,-0.0818
bL7JsZRK24,2,39.3822,NA,NA
SCFYyKlfMW,4,11.4208,11.6978,-1.6536
N423FwKGKB,4,30.2132,49.8275,27.0755
aSuGhMGn51,4,6.6664,35.2506,4.1819
IdEjGbdmdG,4,30.2132,49.8275,27.0755
llKJqwpjzi,2,22.0981,NA,NA
aPsqjbs9S8,2,-30.6713,NA,NA
h2A7sssFDQ,4,-36.8738,-39.185,-0.0818
4Aoups1YPj,4,33.877,33.2408,42.1308
1V5EQgT2FQ,4,-29.6867,-26.7863,-29.2983
Zk6ba6ZRlr,2,-30.6713,NA,NA
kwnqU4Q7Ij,2,-30.6713,NA,NA
MDUqGoO0t6,4,-29.6867,-26.7863,-29.2983
gYsE4t8BCO,2,-30.6713,NA,NA
L6kgMeTmcN,4,11.4208,11.6978,-1.6536
4ctmwYzPKZ,4,6.6664,35.2506,4.1819
2Akun29Lxv,4,30.2132,49.8275,27.0755
RDLOQ26ycc,2,39.3822,NA,NA
8HtDFgeKBE,2,-30.6713,NA,NA
ZDzuTlYpjt,4,-36.8738,-39.185,-0.0818
qJPpYQ1E8w,4,33.877,33.2408,42.1308
8e41TzPgaO,4,-29.6867,-26.7863,-29.2983
tQxDyp0N6l,4,-29.6867,-26.7863,-29.2983
Berp0B3x1C,2,-30.6713,NA,NA
59mWOonQMH,4,33.877,33.2408,42.1308
5xdqWqEO9v,4,-36.8738,-39.185,-0.0818
Gw6YStirFX,4,-36.8738,-39.185,-0.0818
pYnrRGEiUf,4,21.5363,19.1871,0.2407
k6YvWNQy2R,4,6.901,6.0024,14.2067
SToypp7YpJ,4,30.2132,49.8275,27.0755
sPWpym3NEQ,4,6.6664,35.2506,4.1819
sqA1xebOEr,4,6.6664,35.2506,4.1819
VkuKsVb8H7,4,6.901,6.0024,14.2067
MDOdjElwzS,4,21.5363,19.1871,0.2407
SspC2ZEHco,4,-29.6867,-26.7863,-29.2983
OhbsVoMQY8,4,30.2132,49.8275,27.0755
pP96xz8hiL,4,21.5363,19.1871,0.2407
JC7dDDo5XY,2,-30.6713,NA,NA
0EugEq4jvT,2,39.3822,NA,NA
ZeriwbYmxP,4,21.5363,19.1871,0.2407
SnZ7OLUEcs,2,-30.6713,NA,NA
enJFx4kaCW,4,21.5363,19.1871,0.2407
IHguiMuQ0E,4,33.877,33.2408,42.1308
O3MzyBr9Ya,2,22.0981,NA,NA
9sZs7naSwB,2,22.0981,NA,NA
7TDYw7UFg8,4,21.5363,19.1871,0.2407
jujUpWTcc7,4,-29.6867,-26.7863,-29.2983
lyzdQJ3lBj,4,21.5363,19.1871,0.2407
n5k1Sp2ftA,4,6.6664,35.2506,4.1819
mJu3EoFWUA,2,22.0981,NA,NA
N51L2MEpS6,2,-30.6713,NA,NA
Igswt2L2fd,4,21.5363,19.1871,0.2407
YNf42fhZSL,4,-29.6867,-26.7863,-29.2983
BA6GBiMKi7,4,30.2132,49.8275,27.0755
3R8CeXBYXU,4,30.2132,49.8275,27.0755
jAeG5jQm96,2,22.0981,NA,NA
vwJpYvDXEu,2,-30.6713,NA,NA
xdk0OLY0ae,4,33.877,33.2408,42.1308
tJcNDKgiQ6,4,-29.6867,-26.7863,-29.2983
A3jKZYMMhd,2,39.3822,NA,NA
aEHvgXwb1u,4,6.6664,35.2506,4.1819
xTDo0txxWM,2,-30.6713,NA,NA
jQRoZpx0zq,4,33.877,33.2408,42.1308
l2SvDWgbBX,4,11.4208,11.6978,-1.6536
nFR6rZ9RmF,4,30.2132,49.8275,27.0755
HVIRuZZQkB,4,30.2132,49.8275,27.0755
mg9vpd1dgo,4,6.901,6.0024,14.2067
Vs9PaL6eHu,4,6.901,6.0024,14.2067
cdudRGb6l4,4,21.5363,19.1871,0.2407
GWmREEZbAQ,2,39.3822,NA,NA
cmCkZ69kjc,2,-30.6713,NA,NA
V1Z9upKoXr,2,22.0981,NA,NA
FmtigAdEzJ,2,-30.6713,NA,NA
VItjfwoURj,4,-36.8738,-39.185,-0.0818
3k4EDIgV6L,4,33.877,33.2408,42.1308
TFPE3saYN2,4,30.2132,49.8275,27.0755
KRgHdHkH2O,4,6.901,6.0024,14.2067
Na2TTTyFYp,2,39.3822,NA,NA
isFyGVJMCs,4,6.901,6.0024,14.2067
JLF4WwBo0M,4,11.4208,11.6978,-1.6536
B3DzoVEKMW,4,6.6664,35.2506,4.1819
BlTAgarEWe,4,-29.6867,-26.7863,-29.2983
GcuQYqv5vC,4,11.4208,11.6978,-1.6536
vsh9kjYuFb,4,-36.8738,-39.185,-0.0818
jrAOSpVH8T,2,22.0981,NA,NA
Elneg247Zi,4,-29.6867,-26.7863,-29.2983
1s7gr7F5fM,4,6.901,6.0024,14.2067
tokmArwo2u,4,-36.8738,-39.185,-0.0818
awkUPqHh04,4,33.877,33.2408,42.1308
l3ttBfv5Sn,4,30.2132,49.8275,27.0755
IaCGqDd0nn,2,-30.6713,NA,NA
tSoImKVkyX,2,-30.6713,NA,NA
SGoSBSFVcw,4,6.6664,35.2506,4.1819
LhX118AkJc,2,22.0981,NA,NA
w2ckFRG0JY,4,11.4208,11.6978,-1.6536
aqswNfdhjp,2,-30.6713,NA,NA
f9GggO5hUf,4,-36.8738,-39.185,-0.0818
pzbEgXebvQ,4,-36.8738,-39.185,-0.0818
2GTuTMsPXI,2,-30.6713,NA,NA
yrIme4ABox,4,21.5363,19.1871,0.2407
hfcaSYEOZr,4,6.901,6.0024,14.2067
tweM5pRGHH,2,22.0981,NA,NA
Z8WG4U3paP,4,-36.8738,-39.185,-0.0818
GSLOAW274M,4,30.2132,49.8275,27.0755
SHYsufvh7V,4,30.2132,49.8275,27.0755
FF1ZlbI9oA,4,-36.8738,-39.185,-0.0818
YeDUrwzjy9,4,6.901,6.0024,14.2067
G7EpkzJ31q,2,22.0981,NA,NA
vD0mWLSGcg,4,30.2132,49.8275,27.0755
wyPMB77L2o,4,11.4208,11.6978,-1.6536
uxu2Fb4STh,2,22.0981,NA,NA
twBhMa0Z4x,4,-36.8738,-39.185,-0.0818
ZGeb7LJye4,4,-36.8738,-39.185,-0.0818
jNbb2oabtx,2,-30.6713,NA,NA
i6afEaG6pS,4,21.5363,19.1871,0.2407
Tv6hCogo8A,4,11.4208,11.6978,-1.6536
OyMcsqcn1T,4,11.4208,11.6978,-1.6536
RbbKegQnqp,4,30.2132,49.8275,27.0755
TUu7PRAnDJ,2,39.3822,NA,NA
9lbM7TOd1e,4,6.6664,35.2506,4.1819
bGkE0RtCE7,4,6.901,6.0024,14.2067
1aieWxKexl,4,21.5363,19.1871,0.2407
xsPZYHst83,4,-29.6867,-26.7863,-29.2983
kWTXP8nheq,4,33.877,33.2408,42.1308
hhaOqjD2Lt,2,39.3822,NA,NA
7yf7b8mmXZ,4,21.5363,19.1871,0.2407
9YAZtaWNPa,4,30.2132,49.8275,27.0755
8gLjB6uLZ6,4,21.5363,19.1871,0.2407
AGby9DO8HG,4,-29.6867,-26.7863,-29.2983
NiiAYbogie,4,6.901,6.0024,14.2067
sREkzt5agv,4,30.2132,49.8275,27.0755
Lv8Ml6Agbe,4,21.5363,19.1871,0.2407
bbv4dSjNNy,2,-30.6713,NA,NA
MNqAKtIpAk,4,11.4208,11.6978,-1.6536
KiRgC1BEy1,4,-29.6867,-26.7863,-29.2983
D8ofWDfZ36,2,39.3822,NA,NA
QWAhTuLLi5,4,6.6664,35.2506,4.1819
HObWyinC7o,4,-36.8738,-39.185,-0.0818
j6yQKntHnB,4,30.2132,49.8275,27.0755
9KgBwDyyAD,4,21.5363,19.1871,0.2407
IE3Jrmskkm,4,30.2132,49.8275,27.0755
5Jh1XRfAie,4,-36.8738,-39.185,-0.0818
Wf0To9r03w,4,-29.6867,-26.7863,-29.2983
F0cyNV67p4,4,11.4208,11.6978,-1.6536
uzhCzjKkUg,2,22.0981,NA,NA
Zt31sFAqVy,4,21.5363,19.1871,0.2407
S3kcpFjY6S,4,-29.6867,-26.7863,-29.2983
EIZbgBky6s,4,21.5363,19.1871,0.2407
E1JlHp4WT4,2,-30.6713,NA,NA
8E18T0U6lJ,2,-30.6713,NA,NA
CFArvQ8KXx,4,-29.6867,-26.7863,-29.2983
dH5eZ9fiSk,2,22.0981,NA,NA
sBJuoC19Xn,4,30.2132,49.8275,27.0755
ky2dmUXMbJ,4,30.2132,49.8275,27.0755
XIwiMixXTZ,4,6.6664,35.2506,4.1819
n7iy6czRdv,2,-30.6713,NA,NA
84wBDNOuJT,2,39.3822,NA,NA
9s9I4YLIWz,2,22.0981,NA,NA
Bst6BcMKlO,2,-30.6713,NA,NA
WjezFUXq9T,4,30.2132,49.8275,27.0755
LnSsNYEfKL,4,-36.8738,-39.185,-0.0818
USqKqevR03,4,33.877,33.2408,42.1308
jXPg1aCaw5,4,-36.8738,-39.185,-0.0818
IshCrBTr4z,4,21.5363,19.1871,0.2407
6h3TcCZTDm,2,39.3822,NA,NA
84jM29H3fA,4,33.877,33.2408,42.1308
j075LsZxJP,4,6.901,6.0024,14.2067
SxOgkzd6zn,4,-36.8738,-39.185,-0.0818
HKE0HtI955,4,-36.8738,-39.185,-0.0818
7UEUxrQaIl,4,6.6664,35.2506,4.1819
jV4NEatafs,2,-30.6713,NA,NA
LScFXA5Udr,4,6.901,6.0024,14.2067
C1zDzIUYnZ,2,39.3822,NA,NA
8QxdbPheuT,4,21.5363,19.1871,0.2407
EHKs8ibR0q,4,6.6664,35.2506,4.1819
F6W1JIQ5Kf,4,6.901,6.0024,14.2067
a7mxSPyT33,2,39.3822,NA,NA
7mn7KHOytD,4,21.5363,19.1871,0.2407
6jGEBmYzjH,4,6.901,6.0024,14.2067
ubyaok7rYW,4,6.6664,35.2506,4.1819
LmUjHbbsUK,4,6.901,6.0024,14.2067
2buwaJ0Wip,2,22.0981,NA,NA
NQXL6kUpT3,2,22.0981,NA,NA
8ajvjkLki5,4,-29.6867,-26.7863,-29.2983
kAVxDIDbmT,4,33.877,33.2408,42.1308
ufKJqGXKMH,4,6.6664,35.2506,4.1819
KUBjvGPidT,4,11.4208,11.6978,-1.6536
ZyssctLDCz,2,22.0981,NA,NA
EFvBwXgXBh,4,11.4208,11.6978,-1.6536
rTcRiMF4Lp,4,6.6664,35.2506,4.1819
t1lN4P1jCa,2,39.3822,NA,NA
xcYuWuZFnR,2,-30.6713,NA,NA
aHX5jrz22h,4,6.6664,35.2506,4.1819
00VkRJXXQE,4,33.877,33.2408,42.1308
hvi2c9hZ1S,2,-30.6713,NA,NA
swjiU4GEDQ,4,6.901,6.0024,14.2067
t0cA9tqS8j,4,33.877,33.2408,42.1308
NqcVhboPju,4,33.877,33.2408,42.1308
CW85PIiaDL,2,-30.6713,NA,NA
SZKyJJ4r4d,4,-36.8738,-39.185,-0.0818
vTSSmHDkYu,4,21.5363,19.1871,0.2407
NKkqxHZc9V,4,30.2132,49.8275,27.0755
qJlTwIkcic,2,22.0981,NA,NA
JE41AKImdG,2,39.3822,NA,NA
1X93hYTcPz,4,-29.6867,-26.7863,-29.2983
IMcrC19p7S,2,22.0981,NA,NA
JAPrkwIMyW,2,-30.6713,NA,NA
Cd7VVqpYB0,2,-30.6713,NA,NA
tFJyvSrcFz,4,21.5363,19.1871,0.2407
K7eNFTSSwm,4,-29.6867,-26.7863,-29.2983
FkfExlf7PV,4,21.5363,19.1871,0.2407
jAPhwO7qqD,4,-29.6867,-26.7863,-29.2983
Rq4Apqo4xv,4,-36.8738,-39.185,-0.0818
4bIsVkWlYm,4,-36.8738,-39.185,-0.0818
nuhNlhL1tF,4,-29.6867,-26.7863,-29.2983
rlj0cfkE8d,4,33.877,33.2408,42.1308
tPU4eNSNT1,4,11.4208,11.6978,-1.6536
KqxjgiW7g2,4,-36.8738,-39.185,-0.0818
N0wp5VRC56,4,11.4208,11.6978,-1.6536
gWYJH6tjpG,4,-36.8738,-39.185,-0.0818
GHVrpyzCJC,4,30.2132,49.8275,27.0755
idNjuBzBWj,4,30.2132,49.8275,27.0755
YlWW2IZFTa,4,-36.8738,-39.185,-0.0818
LAc11Wo6pk,4,33.877,33.2408,42.1308
aMNA6WHSRS,2,-30.6713,NA,NA
BSlKhDMGXP,2,39.3822,NA,NA
qJVcyZyZFO,4,-29.6867,-26.7863,-29.2983
D7cSIXpu9s,4,11.4208,11.6978,-1.6536
Y23AvpVgBC,2,22.0981,NA,NA
mcEWj68rxm,2,39.3822,NA,NA
cwFgWmBJPJ,4,33.877,33.2408,42.1308
wq1F7Gqdgm,2,39.3822,NA,NA
ZOtCheO4OP,2,22.0981,NA,NA
v1v7ZhBY0N,4,6.6664,35.2506,4.1819
fKs8xarvcJ,4,-36.8738,-39.185,-0.0818
tIzeXc8Izj,4,6.6664,35.2506,4.1819
LfExOqt3Y1,2,22.0981,NA,NA
DyiBgipGZJ,4,33.877,33.2408,42.1308
nk8xjm1FLv,4,11.4208,11.6978,-1.6536
fupS3IOBqV,4,21.5363,19.1871,0.2407
Zk8sj1HRI7,4,21.5363,19.1871,0.2407
muH9S2jpwG,4,6.6664,35.2506,4.1819
dXt7M2qi05,4,6.6664,35.2506,4.1819
8DRqF3x4ZV,2,-30.6713,NA,NA
tam0dQfQON,4,-29.6867,-26.7863,-29.2983
21uulwQI1s,4,21.5363,19.1871,0.2407
Ix9YeH5Kwi,4,6.901,6.0024,14.2067
98UuBjbS7x,4,6.6664,35.2506,4.1819
TNyte0WnY7,4,-29.6867,-26.7863,-29.2983
559Tcy44Iq,4,33.877,33.2408,42.1308
WSmERt73jq,2,22.0981,NA,NA
we80Rx92a9,4,-36.8738,-39.185,-0.0818
AtkdO77mAp,4,21.5363,19.1871,0.2407
CfSjrlHkmt,4,6.901,6.0024,14.2067
24VDY97Vxn,4,-36.8738,-39.185,-0.0818
S44iLqop4C,4,-36.8738,-39.185,-0.0818
KCPOilStiT,4,-36.8738,-39.185,-0.0818
5l1KslgkLs,4,-29.6867,-26.7863,-29.2983
tdqmpocEUb,2,39.3822,NA,NA
kO0jUkFdWJ,4,6.901,6.0024,14.2067
af7vKoZrbP,4,21.5363,19.1871,0.2407
4IHHQtcT4f,2,-30.6713,NA,NA
5STurHIBG3,2,39.3822,NA,NA
edidg7YLxx,2,39.3822,NA,NA
mlol8ApbiB,4,30.2132,49.8275,27.0755
U33xU4tSRz,4,11.4208,11.6978,-1.6536
30GtSC0knp,4,11.4208,11.6978,-1.6536
edZMpnzvrf,4,6.901,6.0024,14.2067
LZjpLEXVcL,4,21.5363,19.1871,0.2407
jNaRwEBznJ,2,39.3822,NA,NA
Rijg4448Gh,4,11.4208,11.6978,-1.6536
3jVqWTcEPt,4,21.5363,19.1871,0.2407
RFWXyk6kga,4,21.5363,19.1871,0.2407
bzfl1KJlho,4,30.2132,49.8275,27.0755
aOEudz2qQ2,4,11.4208,11.6978,-1.6536
PCgNMwKuPh,4,11.4208,11.6978,-1.6536
H1ZCWNeJXZ,4,30.2132,49.8275,27.0755
R11489NNN7,2,39.3822,NA,NA
yW7gi7wRuA,4,21.5363,19.1871,0.2407
uZvYvZBGKY,4,6.6664,35.2506,4.1819
NBSA8mAxsq,2,-30.6713,NA,NA
trBNLKMxV7,4,21.5363,19.1871,0.2407
mJR0732xD7,4,-36.8738,-39.185,-0.0818
SIUABbJ5Pd,4,6.6664,35.2506,4.1819
fLKcvbOzMS,2,22.0981,NA,NA
jyWjNUkpQ6,4,33.877,33.2408,42.1308
R3ayWbQ6rt,4,6.901,6.0024,14.2067
qFd8NxCKdg,4,30.2132,49.8275,27.0755
MSl7nuaF4C,4,33.877,33.2408,42.1308
KZ8bK3LtrJ,4,6.6664,35.2506,4.1819
bnk3zpiKCZ,4,11.4208,11.6978,-1.6536
MA5a2Q4aJL,4,11.4208,11.6978,-1.6536
fWb4N0yQC4,2,22.0981,NA,NA
vsRiLY4ivT,2,39.3822,NA,NA
zeetw0JMEV,4,11.4208,11.6978,-1.6536
6ZETxvhaVN,4,30.2132,49.8275,27.0755
oFOjIvVjwL,4,6.901,6.0024,14.2067
lq4bBSWjiL,4,30.2132,49.8275,27.0755
Gh8LgSorB2,2,39.3822,NA,NA
jCszVEj0do,4,11.4208,11.6978,-1.6536
TzPLgTOpKQ,4,11.4208,11.6978,-1.6536
iyXHjX6HQp,2,39.3822,NA,NA
kUVjaLWP4T,2,39.3822,NA,NA
1yVDrsyftu,2,22.0981,NA,NA
ymISMar67F,4,11.4208,11.6978,-1.6536
GRHkW3AW7n,4,6.901,6.0024,14.2067
LQBptYfnIh,4,33.877,33.2408,42.1308
phxqbwACm5,4,-29.6867,-26.7863,-29.2983
rck9nuys0t,4,30.2132,49.8275,27.0755
iPCTPm20X4,4,11.4208,11.6978,-1.6536
qGosF20uso,4,-29.6867,-26.7863,-29.2983
8AXQYrfPe4,4,-36.8738,-39.185,-0.0818
k2xDtjfqUT,4,33.877,33.2408,42.1308
8dWjHHms2Q,4,30.2132,49.8275,27.0755
f71k5Y1LpH,4,33.877,33.2408,42.1308
LAtnw3OzAS,2,22.0981,NA,NA
BUknNOS5Hd,4,6.901,6.0024,14.2067
XqdOERbFA8,4,-29.6867,-26.7863,-29.2983
TdXRr37d4s,4,6.6664,35.2506,4.1819
phQrC83WwG,4,-36.8738,-39.185,-0.0818
tA0XFSzIOv,4,33.877,33.2408,42.1308
ckOrUpi3f6,4,6.901,6.0024,14.2067
eQIMTq4ej4,4,6.6664,35.2506,4.1819
PAif592W8D,4,11.4208,11.6978,-1.6536
s4O4rHGBB0,2,39.3822,NA,NA
BRKmXHESJV,4,21.5363,19.1871,0.2407
knC8OITUdX,2,39.3822,NA,NA
OiBegNp6cl,2,-30.6713,NA,NA
LV4D3RpHHw,4,11.4208,11.6978,-1.6536
BWq3Y8riQZ,4,30.2132,49.8275,27.0755
RLK3iGBVbE,4,11.4208,11.6978,-1.6536
ismAtLHHFD,2,-30.6713,NA,NA
PCvTB0616E,4,6.6664,35.2506,4.1819
HB5OiHcMna,4,6.901,6.0024,14.2067
sGl8sDeRwh,4,33.877,33.2408,42.1308
XGIAgoK49r,2,22.0981,NA,NA
ubBpmsodnL,2,39.3822,NA,NA
PMM2tDiwNJ,2,39.3822,NA,NA
hm1MyWtJMr,4,21.5363,19.1871,0.2407
krkOHBdZF9,4,6.6664,35.2506,4.1819
YR4xV2R0hx,4,6.6664,35.2506,4.1819
9B2pwwHJm3,4,30.2132,49.8275,27.0755
RV0j2Xotw6,4,21.5363,19.1871,0.2407
vphEwVRFZJ,2,39.3822,NA,NA
Zfmkv2LkBr,4,21.5363,19.1871,0.2407
tdUPoskyW2,4,6.901,6.0024,14.2067
bxEYbwe32f,4,11.4208,11.6978,-1.6536
ybdhGCGuVU,4,6.901,6.0024,14.2067
vmZbQGnHqf,2,-30.6713,NA,NA
7riSoBR5Ym,4,-36.8738,-39.185,-0.0818
sq9jb8NPWL,2,22.0981,NA,NA
x8M0dHjnzC,4,6.901,6.0024,14.2067
6oic1ZtBbj,2,39.3822,NA,NA
tEiJB17wJK,4,6.901,6.0024,14.2067
vnTcTK2hJ2,4,-29.6867,-26.7863,-29.2983
LFcXFjazfa,4,33.877,33.2408,42.1308
MdtnFnb9Jk,2,-30.6713,NA,NA
K5BtzSQUd0,4,33.877,33.2408,42.1308
XZQ4PX2XzJ,2,-30.6713,NA,NA
vVvWHeW823,4,11.4208,11.6978,-1.6536
TECCwjVQF1,4,-29.6867,-26.7863,-29.2983
CHY2M2Y26p,4,33.877,33.2408,42.1308
SmuBFxfsQo,2,39.3822,NA,NA
95liJGskqx,2,22.0981,NA,NA
OKDtUZk8so,4,11.4208,11.6978,-1.6536
xH3aD0ToBP,4,-29.6867,-26.7863,-29.2983
dEu0npBPx7,2,39.3822,NA,NA
sJo7jjAGhr,4,33.877,33.2408,42.1308
PRdRKSsKtq,4,30.2132,49.8275,27.0755
DNp9GMVKs3,4,-29.6867,-26.7863,-29.2983
jv934hEWbs,4,21.5363,19.1871,0.2407
dijJMVunlH,2,-30.6713,NA,NA
YF0s0iymfX,4,6.901,6.0024,14.2067
bxZGNjWE3r,4,6.6664,35.2506,4.1819
a53pxTjF0x,4,6.6664,35.2506,4.1819
yLXSp3k9qA,2,22.0981,NA,NA
FT15T9zHXY,2,-30.6713,NA,NA
hmtJoG94rA,4,6.901,6.0024,14.2067
DeUgn92waA,2,39.3822,NA,NA
kQPl2oAP86,4,33.877,33.2408,42.1308
NRuTgsFNcL,4,33.877,33.2408,42.1308
XahcdXOVy5,2,-30.6713,NA,NA
2WJyfWfFzj,4,-29.6867,-26.7863,-29.2983
et8LXga4iD,4,21.5363,19.1871,0.2407
17Zi8HNRK1,4,-29.6867,-26.7863,-29.2983
qfvp7WzR2W,2,-30.6713,NA,NA
rzu9hPPRDZ,4,-29.6867,-26.7863,-29.2983
q8Fmv06Kxe,4,6.6664,35.2506,4.1819
mrgRDDx3n8,4,-36.8738,-39.185,-0.0818
AzzhTodEea,4,11.4208,11.6978,-1.6536
0RaMTGDCUx,2,22.0981,NA,NA
7myBXziHIn,4,-29.6867,-26.7863,-29.2983
GR5UDdMsbx,4,30.2132,49.8275,27.0755
Hr1KMjDcRm,2,39.3822,NA,NA
sqEwdF8C77,4,6.901,6.0024,14.2067
VMaEa6JqOw,4,33.877,33.2408,42.1308
w0oop8I66K,4,6.6664,35.2506,4.1819
hiquMf6yHG,4,33.877,33.2408,42.1308
R504gqOBY2,4,-29.6867,-26.7863,-29.2983
nA10eyQkk0,4,-36.8738,-39.185,-0.0818
sp8HkYjiBY,4,30.2132,49.8275,27.0755
1G8bDMBAa7,4,-36.8738,-39.185,-0.0818
DD8WkNimNm,4,6.6664,35.2506,4.1819
x8sEpLqjPl,4,33.877,33.2408,42.1308
pNJPuksM85,2,-30.6713,NA,NA
wkrfM7A9OR,4,33.877,33.2408,42.1308
AgPg5EGNnT,4,33.877,33.2408,42.1308
QR3H9YkHFW,2,-30.6713,NA,NA
nvCsvFSWxN,2,22.0981,NA,NA
nWHEzPPFV2,4,11.4208,11.6978,-1.6536
8mpERMQweW,2,22.0981,NA,NA
kSbhtONNit,4,6.901,6.0024,14.2067
mE3r7A9Gke,4,11.4208,11.6978,-1.6536
R7YB3WePvn,4,6.901,6.0024,14.2067
pFrzYTZJu9,4,21.5363,19.1871,0.2407
wqdoUYnskA,4,6.6664,35.2506,4.1819
nHT6TNCG1K,2,22.0981,NA,NA
skpXjjNyip,4,11.4208,11.6978,-1.6536
8QGh0Cejo7,4,6.901,6.0024,14.2067
Qs2vXlgxWZ,4,-36.8738,-39.185,-0.0818
5JkLsbhhVh,4,21.5363,19.1871,0.2407
q88mPLt3ie,4,6.901,6.0024,14.2067
iCV6bJASVm,4,6.6664,35.2506,4.1819
7XzM5Q8KI5,4,21.5363,19.1871,0.2407
okSk34TZcA,4,-36.8738,-39.185,-0.0818
RMzXhLEQLo,4,-36.8738,-39.185,-0.0818
BPoddz0exG,4,33.877,33.2408,42.1308
Pjvlh17KKv,2,-30.6713,NA,NA
cSiQIFIP5i,2,-30.6713,NA,NA
UtaKZCCzDI,4,-29.6867,-26.7863,-29.2983
JhRpoKFDnl,2,-30.6713,NA,NA
kJ6rxVRtMS,4,-29.6867,-26.7863,-29.2983
MPM7pWBEzF,4,-29.6867,-26.7863,-29.2983
VjzDq1Qql9,4,11.4208,11.6978,-1.6536
6xedryQ7WF,2,39.3822,NA,NA
ENstPiKxVk,4,-36.8738,-39.185,-0.0818
Qet1ecoXsw,4,-36.8738,-39.185,-0.0818
Rr8MFtpizx,2,39.3822,NA,NA
1RnMNPR9uO,4,11.4208,11.6978,-1.6536
kiXEBAWXSc,4,33.877,33.2408,42.1308
pf7KZcVyF2,4,6.6664,35.2506,4.1819
r1YkGTYBlc,2,22.0981,NA,NA
M8P5NvUII6,4,30.2132,49.8275,27.0755
9Tr6fiy6GW,2,39.3822,NA,NA
4FLBSGYA6T,2,22.0981,NA,NA
usay4ucSOB,4,33.877,33.2408,42.1308
VpACzPlubK,2,39.3822,NA,NA
4DzXygVMcf,4,30.2132,49.8275,27.0755
yxvwxO4Kt3,4,30.2132,49.8275,27.0755
JPnGVlPRZs,2,39.3822,NA,NA
QCCRECOn1o,4,30.2132,49.8275,27.0755
3hHi02Dz0P,4,11.4208,11.6978,-1.6536
AaeMIHC0xY,4,-29.6867,-26.7863,-29.2983
EbVqIXwkJB,4,6.901,6.0024,14.2067
eT4PHjWUOo,4,11.4208,11.6978,-1.6536
eDCfS3mL8P,4,21.5363,19.1871,0.2407
8zLBOTOBKF,2,39.3822,NA,NA
Gor1UvUMKS,4,-36.8738,-39.185,-0.0818
vtJlcuy9PY,4,21.5363,19.1871,0.2407
jFBmITLJPq,4,21.5363,19.1871,0.2407
ahufy9keAO,2,39.3822,NA,NA
BXMaYPpL3q,2,39.3822,NA,NA
9Wrjb7g2PD,2,22.0981,NA,NA
VxXr0Xng7l,2,39.3822,NA,NA
o9MNkxket0,4,-29.6867,-26.7863,-29.2983
BKfPSPNVeH,4,21.5363,19.1871,0.2407
FDMAQr2vXW,4,-29.6867,-26.7863,-29.2983
qaSw5xeKSO,4,21.5363,19.1871,0.2407
kcRavu2Alw,4,21.5363,19.1871,0.2407
V69JT9sDVZ,2,39.3822,NA,NA
DVUwbDmlPQ,2,22.0981,NA,NA
uKMldAoBt0,4,21.5363,19.1871,0.2407
ZfwovT8yVl,4,11.4208,11.6978,-1.6536
yvCvXrhTFD,4,6.901,6.0024,14.2067
UBwLmMOFJY,4,-36.8738,-39.185,-0.0818
lA1dMUQtj6,4,11.4208,11.6978,-1.6536
PUnEhpkgls,4,11.4208,11.6978,-1.6536
K6EPF1vgua,4,21.5363,19.1871,0.2407
aU1rFcaMPz,4,-36.8738,-39.185,-0.0818
0xL2FRp05D,4,-36.8738,-39.185,-0.0818
UNEnQBUilH,4,30.2132,49.8275,27.0755
FUgBdRhsRf,4,33.877,33.2408,42.1308
IkgZmF3bt9,4,30.2132,49.8275,27.0755
Co4oWdyRCp,4,6.901,6.0024,14.2067
OnULoQWd44,2,39.3822,NA,NA
kB5PKWfHft,4,30.2132,49.8275,27.0755
X5ffo1wGnP,2,39.3822,NA,NA
P1c4aj9WGo,4,30.2132,49.8275,27.0755
YleOYx1iBb,4,11.4208,11.6978,-1.6536
Qhc4m14dRa,4,-29.6867,-26.7863,-29.2983
WvyoKFwY15,4,-36.8738,-39.185,-0.0818
hahCwvlNhe,4,-36.8738,-39.185,-0.0818
5esx6Tgux4,4,33.877,33.2408,42.1308
rW9ERu8ooA,4,30.2132,49.8275,27.0755
PT8D8C8XgH,4,30.2132,49.8275,27.0755
c7RU29TsVN,2,22.0981,NA,NA
zuDoIuBHGd,4,6.901,6.0024,14.2067
PEzNef6oib,4,11.4208,11.6978,-1.6536
Ofm4677xcg,4,6.6664,35.2506,4.1819
NNA9BXMZmg,4,-29.6867,-26.7863,-29.2983
l6VU0Syw5Y,4,30.2132,49.8275,27.0755
Ln6AFez3Xq,4,33.877,33.2408,42.1308
S6o6BgUJ8H,4,6.901,6.0024,14.2067
HDES6jXHZF,4,6.901,6.0024,14.2067
uslkhXIY2g,4,-29.6867,-26.7863,-29.2983
IwwFYoVHCw,4,6.6664,35.2506,4.1819
4mNM9dQ0AG,4,6.6664,35.2506,4.1819
GOfNzLCJP8,2,39.3822,NA,NA
hCQ7oq0sUO,2,22.0981,NA,NA
vUIOEAmPLi,4,30.2132,49.8275,27.0755
r7OipHLTpq,4,-29.6867,-26.7863,-29.2983
gVniagAol9,4,21.5363,19.1871,0.2407
OybNP4omZZ,2,-30.6713,NA,NA
zj8AAu0GEA,4,6.6664,35.2506,4.1819
1HFIEwrd04,4,6.901,6.0024,14.2067
yUwwxrS5sV,4,-29.6867,-26.7863,-29.2983
n0ZmfjI3aq,2,22.0981,NA,NA
6jIpSQshxv,4,-29.6867,-26.7863,-29.2983
ROHjO9NW3a,4,21.5363,19.1871,0.2407
XhrC6QPqVD,4,33.877,33.2408,42.1308
c0kXprTzeP,4,6.6664,35.2506,4.1819
80DB1VhHgT,2,22.0981,NA,NA
Lyv7Fevhhn,4,-36.8738,-39.185,-0.0818
ZAzIhBF3Uw,4,6.6664,35.2506,4.1819
Db63kFjK4u,4,-36.8738,-39.185,-0.0818
pZGjzlhBqF,4,6.6664,35.2506,4.1819
Bb0Y1yYA59,4,21.5363,19.1871,0.2407
SDZL2kasL0,4,6.6664,35.2506,4.1819
O59oDON7rI,4,-36.8738,-39.185,-0.0818
RqIdn6HfbI,4,6.901,6.0024,14.2067
bwOpFYdlJZ,4,6.6664,35.2506,4.1819
CaZ8xH0AR7,4,21.5363,19.1871,0.2407
d5fXVd4KlD,4,-29.6867,-26.7863,-29.2983
zrWBYclaRr,2,39.3822,NA,NA
k0gkhc5cXM,4,11.4208,11.6978,-1.6536
SF3CBcSy2j,4,6.901,6.0024,14.2067
qgOnT86aA8,4,-36.8738,-39.185,-0.0818
jF9I4ruIuF,4,11.4208,11.6978,-1.6536
CVCcbE7UAj,2,-30.6713,NA,NA
CUQWs2eDjq,4,21.5363,19.1871,0.2407
G79E559hIz,4,6.6664,35.2506,4.1819
BLNH6S8SZV,4,30.2132,49.8275,27.0755
jOtnY9Fd79,4,21.5363,19.1871,0.2407
zBn0ytZQSj,4,30.2132,49.8275,27.0755
k8zsCRmk8a,4,30.2132,49.8275,27.0755
lmPJwik4eK,4,-36.8738,-39.185,-0.0818
1ICA51cvZs,4,-29.6867,-26.7863,-29.2983
gfbGpqda9J,4,30.2132,49.8275,27.0755
jGgvz5jS6q,2,22.0981,NA,NA
i6mrtN9HDY,4,-36.8738,-39.185,-0.0818
RLpgY3u5aQ,4,6.6664,35.2506,4.1819
MxROMkD899,2,22.0981,NA,NA
jOaeK0jrhE,4,-36.8738,-39.185,-0.0818
jV3OORsURY,4,-36.8738,-39.185,-0.0818
Vhqm17VJ5C,4,-29.6867,-26.7863,-29.2983
L0uill6O0N,2,22.0981,NA,NA
lpsVXtzrtf,4,11.4208,11.6978,-1.6536
s1w2Jm6Chr,2,22.0981,NA,NA
trh1nI16vJ,4,21.5363,19.1871,0.2407
wsPn3iwYdA,4,-36.8738,-39.185,-0.0818
UJOb386WYl,2,-30.6713,NA,NA
37TCMmw7rS,4,30.2132,49.8275,27.0755
cQ5DcoFYC4,4,6.6664,35.2506,4.1819
M11aZrXoMB,4,-36.8738,-39.185,-0.0818
cNRNvwnlAt,2,-30.6713,NA,NA
s48JRCJrlI,4,6.901,6.0024,14.2067
OdlllLaHLJ,4,11.4208,11.6978,-1.6536
NnX1kRubkd,4,6.901,6.0024,14.2067
EwKrM1N0Uc,4,33.877,33.2408,42.1308
tZWhz1NsE7,4,6.6664,35.2506,4.1819
5P9Fp7Gc6B,4,6.901,6.0024,14.2067
ZYGYFO4Rva,4,21.5363,19.1871,0.2407
mU2XgGdw2w,4,33.877,33.2408,42.1308
ME3FMU65y0,4,30.2132,49.8275,27.0755
Jmpuk8L8ae,4,33.877,33.2408,42.1308
F9WgNl8DIZ,2,22.0981,NA,NA
WlizROj0cL,2,-30.6713,NA,NA
qxpEakhcle,4,-36.8738,-39.185,-0.0818
OFniAyhErJ,4,11.4208,11.6978,-1.6536
mfvXoAF7ut,4,-29.6867,-26.7863,-29.2983
sJbAHQcx3V,4,-29.6867,-26.7863,-29.2983
bR1ctCIhLZ,2,22.0981,NA,NA
OeWezE6uH1,4,6.901,6.0024,14.2067
K0tCddrfLp,4,33.877,33.2408,42.1308
rVb5SI1qAD,4,21.5363,19.1871,0.2407
dvja9YhLgh,4,30.2132,49.8275,27.0755
q9lGHyMmRu,2,-30.6713,NA,NA
EDVRCh9pLM,2,39.3822,NA,NA
TMgNZ24r2a,4,-29.6867,-26.7863,-29.2983
K70r5m5Hao,2,39.3822,NA,NA
Fxi1Nq7adm,2,22.0981,NA,NA
f0XHNX6LlR,2,39.3822,NA,NA
P7rPG152LM,2,22.0981,NA,NA
MgyGFXHjNr,4,11.4208,11.6978,-1.6536
xw5nEDhTUn,4,11.4208,11.6978,-1.6536
z8bNtBt3cD,2,39.3822,NA,NA
LE5MtZqGzH,4,-36.8738,-39.185,-0.0818
HmIqpNNlqh,4,33.877,33.2408,42.1308
KXH7oP6PLX,4,6.6664,35.2506,4.1819
AK7c8iOAlf,2,22.0981,NA,NA
674955243d,4,33.877,33.2408,42.1308
7mZECpafFS,4,33.877,33.2408,42.1308
y9FT5oAfDW,2,39.3822,NA,NA
xoGK7U0pIR,4,-36.8738,-39.185,-0.0818
iVsZBmTZfm,4,-29.6867,-26.7863,-29.2983
FcgaJaTyZ0,4,-29.6867,-26.7863,-29.2983
HYtNroTlFa,4,-36.8738,-39.185,-0.0818
hSZ3grQMub,4,33.877,33.2408,42.1308
ZbHP739XCJ,4,-29.6867,-26.7863,-29.2983
m2KcTJaNMN,2,-30.6713,NA,NA
778joHJH9X,2,-30.6713,NA,NA
2eBw8Or0nj,4,30.2132,49.8275,27.0755
jktqQ41b0d,4,-29.6867,-26.7863,-29.2983
MI7zHS3whD,4,-29.6867,-26.7863,-29.2983
mWx6vncldZ,2,39.3822,NA,NA
6N9fpkiFnp,4,30.2132,49.8275,27.0755
hNEv2zVMoS,4,6.6664,35.2506,4.1819
AbMakzcSFT,4,6.6664,35.2506,4.1819
MKVBoLTG9n,4,6.6664,35.2506,4.1819
FunkOM4MFs,2,-30.6713,NA,NA
FQlCELF4QI,4,30.2132,49.8275,27.0755
O3fkCWNgvj,2,39.3822,NA,NA
QwYA7uUFf8,4,33.877,33.2408,42.1308
nuH1ZvuTd5,2,-30.6713,NA,NA
W4YObMlaKo,4,30.2132,49.8275,27.0755
JRm4zbB7JQ,4,-36.8738,-39.185,-0.0818
yGdxkJfU2M,4,-36.8738,-39.185,-0.0818
ApoBBEMcRG,4,33.877,33.2408,42.1308
H07TW7x70s,4,11.4208,11.6978,-1.6536
dji7pRNage,2,-30.6713,NA,NA
qHra8XnaQw,4,33.877,33.2408,42.1308
FmAe4JkXe7,4,-29.6867,-26.7863,-29.2983
JjtCTQEoFH,4,11.4208,11.6978,-1.6536
Vmo1JoLgMO,4,33.877,33.2408,42.1308
H4TJKcnlTx,4,30.2132,49.8275,27.0755
qTWPlxhaeG,4,11.4208,11.6978,-1.6536
xLHRI7CDDn,4,21.5363,19.1871,0.2407
qvaYTZmMZY,2,22.0981,NA,NA
61HDifJSqY,4,6.6664,35.2506,4.1819
LbJKAtWagj,2,-30.6713,NA,NA
vIMOXso9nt,4,-36.8738,-39.185,-0.0818
e5mra6ujey,4,30.2132,49.8275,27.0755
UaDX1Nkvdm,4,21.5363,19.1871,0.2407
D1Hjkb7wGR,4,-29.6867,-26.7863,-29.2983
PRBgviIF9E,4,6.901,6.0024,14.2067
glayl70WRw,4,11.4208,11.6978,-1.6536
HAUNrqEq6k,2,-30.6713,NA,NA
03YhK6Nfvj,2,22.0981,NA,NA
lBlRnqSDar,4,6.6664,35.2506,4.1819
9JLynJAvZz,2,-30.6713,NA,NA
rzbCxAgosE,4,11.4208,11.6978,-1.6536
G5kUAHVhmh,2,39.3822,NA,NA
GPnX0mxebZ,2,22.0981,NA,NA
mv7mwvF7H2,4,30.2132,49.8275,27.0755
NhRGVSeaHp,4,33.877,33.2408,42.1308
WPESKQkI8H,4,21.5363,19.1871,0.2407
ceeC1Cb5JU,4,6.6664,35.2506,4.1819
60E7zn3rd3,2,39.3822,NA,NA
mvYOAtCQVX,2,-30.6713,NA,NA
RPwrSnt9Da,2,22.0981,NA,NA
UWBvjnLRL7,4,21.5363,19.1871,0.2407
JFgyo95ZQ4,4,33.877,33.2408,42.1308
w3QXzvzHQu,2,39.3822,NA,NA
Xtp5PbbCOd,2,-30.6713,NA,NA
UScuaQPO2H,4,11.4208,11.6978,-1.6536
KKnc3cQIeA,2,39.3822,NA,NA
ZB0AqA70ry,2,22.0981,NA,NA
5uUDPcU01K,4,21.5363,19.1871,0.2407
5OcqpalZky,4,6.6664,35.2506,4.1819
QCM8LmJgwe,4,30.2132,49.8275,27.0755
WpgEZY8KEB,4,-29.6867,-26.7863,-29.2983
NwdlpiEB3F,4,33.877,33.2408,42.1308
7Ezmto6eGJ,4,11.4208,11.6978,-1.6536
R4vFs0ONzS,4,-36.8738,-39.185,-0.0818
6Ex3D69eCc,2,-30.6713,NA,NA
C7MeQW2TCT,4,11.4208,11.6978,-1.6536
JsVwmeXQ81,4,-36.8738,-39.185,-0.0818
f2A9GQrU7r,4,6.6664,35.2506,4.1819
hO3LdsPfC3,4,21.5363,19.1871,0.2407
SQfcuAe6Hq,4,-29.6867,-26.7863,-29.2983
WYuqAUq6Gk,4,-29.6867,-26.7863,-29.2983
fx2fnWLMpu,2,22.0981,NA,NA
nuOCD1iHns,4,21.5363,19.1871,0.2407
4SvE49lgnR,2,39.3822,NA,NA
uMa9T1fMH0,4,21.5363,19.1871,0.2407
oRrzpwmqRG,2,22.0981,NA,NA
FhxnMmEVje,4,30.2132,49.8275,27.0755
SwkshDjZIV,2,-30.6713,NA,NA
RfwVuvcGBU,2,22.0981,NA,NA
JxUuigkRpF,2,22.0981,NA,NA
yeJIlo5Ffe,2,22.0981,NA,NA
EWbHennbQK,4,21.5363,19.1871,0.2407
6PS7rsiBB2,4,6.6664,35.2506,4.1819
SqUMPtPm5T,2,-30.6713,NA,NA
WBgjwrBMIx,2,39.3822,NA,NA
imxepqUYYJ,4,-36.8738,-39.185,-0.0818
AJJGYfGWYJ,2,39.3822,NA,NA
jRMnrG3FKN,2,22.0981,NA,NA
5cqtcbl4LF,4,30.2132,49.8275,27.0755
H2f3tA5DoU,4,6.901,6.0024,14.2067
W8nk1xNvTo,4,33.877,33.2408,42.1308
3ZxmrwEmBP,4,21.5363,19.1871,0.2407
WpmqxDCO3N,4,11.4208,11.6978,-1.6536
1bbZ7j0tJW,4,11.4208,11.6978,-1.6536
RkwYGW3pQO,2,22.0981,NA,NA
1XoKY6JlHU,2,22.0981,NA,NA
JgpV2Bivh5,4,6.6664,35.2506,4.1819
gOP0JrrFkb,4,11.4208,11.6978,-1.6536
fPTgo6BXpP,4,6.6664,35.2506,4.1819
ZP7l7zAT2e,4,6.901,6.0024,14.2067
SF61Dwvv2c,4,33.877,33.2408,42.1308
SJN7KxOQ9R,4,-36.8738,-39.185,-0.0818
RK9qlPuIaS,4,11.4208,11.6978,-1.6536
dmZT31Meuu,4,-36.8738,-39.185,-0.0818
CEMmf88QCY,2,-30.6713,NA,NA
WLPGpsjCD1,4,30.2132,49.8275,27.0755
gySQW44JnM,4,21.5363,19.1871,0.2407
J85FCxeqCk,4,-29.6867,-26.7863,-29.2983
m2rovCZ5oO,4,6.6664,35.2506,4.1819
jna2ZlFc17,4,30.2132,49.8275,27.0755
VRwE7sP66E,4,21.5363,19.1871,0.2407
HCrDY5MXwP,4,6.901,6.0024,14.2067
rURc6XVQDJ,4,6.901,6.0024,14.2067
aK7HzfsugA,4,21.5363,19.1871,0.2407
efDYeqls7B,4,11.4208,11.6978,-1.6536
3ODMTJkfo4,2,39.3822,NA,NA
TsHozUxdVp,4,33.877,33.2408,42.1308
1T9bBJTJ5z,4,-29.6867,-26.7863,-29.2983
zOCdodGZF3,2,22.0981,NA,NA
Mh9DFxMiab,4,11.4208,11.6978,-1.6536
MWqZqjwwN3,4,-29.6867,-26.7863,-29.2983
tmGis2m1Wc,4,30.2132,49.8275,27.0755
deinpL1nse,4,-36.8738,-39.185,-0.0818
mYyZQZ6aKD,2,39.3822,NA,NA
vZCNzc0vLA,4,11.4208,11.6978,-1.6536
9hEoULkLWJ,4,21.5363,19.1871,0.2407
gV8npICODk,4,-36.8738,-39.185,-0.0818
QvSKVYPzRq,4,-36.8738,-39.185,-0.0818
7LOYL4YpKb,2,22.0981,NA,NA
kfTYsD1Oaw,4,6.6664,35.2506,4.1819
R3XYQQnUZC,2,39.3822,NA,NA
Yy6IF8AZIM,2,39.3822,NA,NA
du1iFuMe6x,4,-36.8738,-39.185,-0.0818
BtXgWdtzJf,2,22.0981,NA,NA
MOb8r1Ius8,4,-29.6867,-26.7863,-29.2983
ljuoW2HjYx,4,6.901,6.0024,14.2067
ElhYWewxr1,2,-30.6713,NA,NA
tjjcSTxA9f,2,22.0981,NA,NA
EqCTo8LwpX,4,6.6664,35.2506,4.1819
zVsTyfbvIA,4,-36.8738,-39.185,-0.0818
G73rFCr3Lo,2,22.0981,NA,NA
GT9wr4ldgX,4,-29.6867,-26.7863,-29.2983
FXrH0xY2NU,4,6.6664,35.2506,4.1819
dJ9bwnl5BG,4,33.877,33.2408,42.1308
Z5rCaT3VB0,2,22.0981,NA,NA
QOenApN15F,4,6.901,6.0024,14.2067
LjR1KCpVBI,2,-30.6713,NA,NA
o2tgfKqzzx,4,33.877,33.2408,42.1308
2LXp16sclu,2,-30.6713,NA,NA
wQFjnn8OOj,4,33.877,33.2408,42.1308
AgvlNRiLIS,4,21.5363,19.1871,0.2407
cht2GrZwtx,4,33.877,33.2408,42.1308
bvVAfVYkbx,4,6.901,6.0024,14.2067
116DRZ6uNr,4,11.4208,11.6978,-1.6536
F9Au24wzJR,4,33.877,33.2408,42.1308
7xrb4RZr6k,4,33.877,33.2408,42.1308
s9TACj0Xl9,4,11.4208,11.6978,-1.6536
tzERbc8XjT,2,-30.6713,NA,NA
sYgldqiojD,2,-30.6713,NA,NA
4sxDyPiGAq,4,6.901,6.0024,14.2067
gbL0mWRWcn,2,22.0981,NA,NA
6qzhPAUZ0r,2,39.3822,NA,NA
I6yS4wlQGI,2,-30.6713,NA,NA
33f54Vf5Sp,2,-30.6713,NA,NA
cnTy5rIU18,4,6.6664,35.2506,4.1819
KLM2QZPNwV,4,6.6664,35.2506,4.1819
kBrc3lS9P3,4,6.6664,35.2506,4.1819
85RrjWsb72,4,6.6664,35.2506,4.1819
Jz0s9TctvQ,2,22.0981,NA,NA
DEBnReVYYX,4,21.5363,19.1871,0.2407
RkxXCqN4Zo,4,11.4208,11.6978,-1.6536
1JrBZ0vUSW,4,-36.8738,-39.185,-0.0818
nx5CFaUJjA,2,39.3822,NA,NA
ma8XgV9CYj,2,39.3822,NA,NA
4AhPNPnT0V,4,6.901,6.0024,14.2067
N6r9GIc5Un,4,21.5363,19.1871,0.2407
CQpPvCXCB3,4,-29.6867,-26.7863,-29.2983
KLVxZ9w2Az,2,22.0981,NA,NA
kEHDDMPA6b,4,30.2132,49.8275,27.0755
h3iGhf8hJE,4,6.6664,35.2506,4.1819
lPxrLsH9B5,2,-30.6713,NA,NA
FQcyrcTIRe,4,21.5363,19.1871,0.2407
qFPrFOmgvB,4,-36.8738,-39.185,-0.0818
wX5ES0KDRh,4,-36.8738,-39.185,-0.0818
sH5A43NMQN,2,-30.6713,NA,NA
PXVuRCSSCK,4,11.4208,11.6978,-1.6536
fZsnFY0UR6,4,11.4208,11.6978,-1.6536
GQBwDudANH,4,21.5363,19.1871,0.2407
zBaeBITRh0,2,39.3822,NA,NA
HW4l13OrRk,2,-30.6713,NA,NA
gAof9aLSHg,4,6.901,6.0024,14.2067
w3KPoNzv6K,2,-30.6713,NA,NA
dPzHcZhUr3,4,11.4208,11.6978,-1.6536
rxLAnYqym9,4,21.5363,19.1871,0.2407
llKyamBrqf,4,33.877,33.2408,42.1308
xW7LHkveDo,4,-36.8738,-39.185,-0.0818
bC81CErdcB,4,-29.6867,-26.7863,-29.2983
vX27WhaO7H,4,33.877,33.2408,42.1308
d42le919wF,2,39.3822,NA,NA
AoP6Dg3q5p,4,6.901,6.0024,14.2067
tGRtBz8CdE,4,6.6664,35.2506,4.1819
5YBK53o0Rw,4,-36.8738,-39.185,-0.0818
sza1KrHDSs,2,39.3822,NA,NA
SRBUjpgt6x,2,39.3822,NA,NA
QEekwk3GsN,4,11.4208,11.6978,-1.6536
GMr64M85lG,4,11.4208,11.6978,-1.6536
eJNkiuJFxu,4,6.901,6.0024,14.2067
VWweMAsR4W,4,11.4208,11.6978,-1.6536
ZxaArA2YDl,4,-36.8738,-39.185,-0.0818
wI1qxDH0kl,2,39.3822,NA,NA
e7I9GQkzTi,4,11.4208,11.6978,-1.6536
XM4iTGXwWN,2,22.0981,NA,NA
ET0XrATQjj,4,-36.8738,-39.185,-0.0818
dHPpSDWXIB,4,33.877,33.2408,42.1308
nJV9FOCgzs,4,-29.6867,-26.7863,-29.2983
BzpCi38yR8,2,39.3822,NA,NA
CeqLqgl7cY,4,-29.6867,-26.7863,-29.2983
HklUkYJN99,4,11.4208,11.6978,-1.6536
RfzZlRzd15,2,-30.6713,NA,NA
XBW1H8L6MH,4,6.6664,35.2506,4.1819
k6O2XwoG85,4,-29.6867,-26.7863,-29.2983
YJpNf0nQHf,2,22.0981,NA,NA
U4lHAe6FtZ,4,-36.8738,-39.185,-0.0818
LvqAbuFKg9,2,-30.6713,NA,NA
AwSJ8MiX7L,4,6.6664,35.2506,4.1819
FquHoPECuc,2,-30.6713,NA,NA
9eRTjwSMSr,4,6.6664,35.2506,4.1819
CLeSxOsmxA,4,33.877,33.2408,42.1308
l2f95DTsfF,4,6.6664,35.2506,4.1819
92pylCXmqM,4,6.6664,35.2506,4.1819
5t2lNZzBGj,4,6.6664,35.2506,4.1819
Q3k4CQ6ZMn,4,21.5363,19.1871,0.2407
0R9YKanlCY,2,22.0981,NA,NA
TBhMOVnUSW,2,22.0981,NA,NA
wXYQ3wkxs2,4,6.901,6.0024,14.2067
HDlZdrryUw,4,6.6664,35.2506,4.1819
lDbACw20SH,4,6.901,6.0024,14.2067
X9fElbgwrD,4,-36.8738,-39.185,-0.0818
i7wQbu0jkW,2,22.0981,NA,NA
rN9NP4PrTt,4,30.2132,49.8275,27.0755
mdnDmqk6Wr,4,33.877,33.2408,42.1308
eQIhtmF0iw,4,6.901,6.0024,14.2067
yIkvrsJtan,4,-36.8738,-39.185,-0.0818
s4dgY6oIVz,2,22.0981,NA,NA
O24edCz0TG,4,6.6664,35.2506,4.1819
QrkkBDOQi7,2,22.0981,NA,NA
7oHYGYo2vt,4,6.901,6.0024,14.2067
yhF2vQAAVQ,4,-36.8738,-39.185,-0.0818
ZAizCzCEMm,2,-30.6713,NA,NA
mxtcxHtCzv,4,-36.8738,-39.185,-0.0818
iOvzThOhOG,4,30.2132,49.8275,27.0755
2m7iQRbsaE,4,6.6664,35.2506,4.1819
1tGGByHRvi,4,6.6664,35.2506,4.1819
pMtMH3HZtV,4,6.901,6.0024,14.2067
DDWmsNZr2T,4,-29.6867,-26.7863,-29.2983
RHxTOfFUub,4,-36.8738,-39.185,-0.0818
pBn47CROfy,4,33.877,33.2408,42.1308
DUO3Kcp39K,4,33.877,33.2408,42.1308
s5fDbdZYzl,4,6.901,6.0024,14.2067
sFd7x1LxBq,4,6.901,6.0024,14.2067
R61jQl4ftG,2,39.3822,NA,NA
6VKBrum0iM,4,30.2132,49.8275,27.0755
2XvYlTiz0J,4,11.4208,11.6978,-1.6536
nzFUkFEzDZ,2,-30.6713,NA,NA
XoXuy5O8xR,4,11.4208,11.6978,-1.6536
7oNs3tirUG,4,30.2132,49.8275,27.0755
fjjfxLXO6L,2,22.0981,NA,NA
Xmeeb4x7GS,2,39.3822,NA,NA
Yl6Zx2oMUf,2,39.3822,NA,NA
TbxIoTg37g,2,-30.6713,NA,NA
0cN173Ld0A,4,30.2132,49.8275,27.0755
hrBADCOcr6,2,22.0981,NA,NA
UuFniNfUpd,4,6.901,6.0024,14.2067
FggKjvYUm5,2,39.3822,NA,NA
rbi5lybgF7,4,6.6664,35.2506,4.1819
oS1N263EAl,2,22.0981,NA,NA
yI8XThveaq,4,6.6664,35.2506,4.1819
TstleCePxS,4,21.5363,19.1871,0.2407
yq3sMDeRcF,4,-29.6867,-26.7863,-29.2983
Q0lUUcjo9A,4,6.6664,35.2506,4.1819
uUWOYeyt8F,4,6.6664,35.2506,4.1819
Tj6MxI8Xas,4,21.5363,19.1871,0.2407
ZjfBW89Ed5,2,22.0981,NA,NA
jVlRYY86PN,2,39.3822,NA,NA
t77E96Y3dO,4,6.6664,35.2506,4.1819
YRmEtBHeQG,4,21.5363,19.1871,0.2407
STJuwuSC5n,4,33.877,33.2408,42.1308
6cQtNWgZuI,4,30.2132,49.8275,27.0755
TXFXknJLUT,2,39.3822,NA,NA
F7ihbzp0v7,4,-36.8738,-39.185,-0.0818
ujwBTbCRxH,4,11.4208,11.6978,-1.6536
ssnkBL31jM,4,6.6664,35.2506,4.1819
tBV9d36xK2,4,21.5363,19.1871,0.2407
LJWSYALLGN,4,30.2132,49.8275,27.0755
jvAhzE7Sfc,4,6.6664,35.2506,4.1819
pfupMSMDy8,2,22.0981,NA,NA
XSMnRm6u3v,2,-30.6713,NA,NA
0PLXX4yDpf,4,21.5363,19.1871,0.2407
r0yLeWbc4D,4,21.5363,19.1871,0.2407
uwg8aso2t9,4,21.5363,19.1871,0.2407
SNoe5QHY2V,4,11.4208,11.6978,-1.6536
5PmJZmFMgN,4,11.4208,11.6978,-1.6536
ECOnUZUARa,4,33.877,33.2408,42.1308
UDdAqgGWZb,4,6.6664,35.2506,4.1819
pLiouAHkcg,4,-36.8738,-39.185,-0.0818
3aMc6nTYCE,4,33.877,33.2408,42.1308
DpdeY73hZw,4,-36.8738,-39.185,-0.0818
pmvPXQJR4t,2,22.0981,NA,NA
k4HC4ZlL7n,4,6.901,6.0024,14.2067
d1InXW79KU,4,33.877,33.2408,42.1308
MQhW8NAyJS,2,39.3822,NA,NA
V7gdV1a5Jy,4,6.901,6.0024,14.2067
3EBWiM7gsU,4,33.877,33.2408,42.1308
hHn90fzrLm,4,-29.6867,-26.7863,-29.2983
uCmswTg0Yy,4,6.901,6.0024,14.2067
1MVEa6Rzo4,4,21.5363,19.1871,0.2407
F1znYfZbaG,2,-30.6713,NA,NA
IW2VNtkoUo,2,22.0981,NA,NA
Ru1ttx9wK2,2,39.3822,NA,NA
c7p5PA5Gmb,4,-36.8738,-39.185,-0.0818
oubpYnB2Ux,4,6.6664,35.2506,4.1819
fnulGhvGM2,2,22.0981,NA,NA
eAm4Yys2qm,2,22.0981,NA,NA
xNH8evJ8ZW,4,33.877,33.2408,42.1308
k2Xd1e28OI,4,6.6664,35.2506,4.1819
xkdToP7QD4,4,11.4208,11.6978,-1.6536
kCVafqx1q3,4,6.901,6.0024,14.2067
HzOHxA5VtA,2,39.3822,NA,NA
i231j3bLhQ,4,-29.6867,-26.7863,-29.2983
pBb2uGk1Cx,2,22.0981,NA,NA
D4DPg61HWV,2,-30.6713,NA,NA
lYClCKU7eX,4,33.877,33.2408,42.1308
pTGg6AqVki,2,-30.6713,NA,NA
9yi7ZAjftG,4,11.4208,11.6978,-1.6536
Uhe9iTgUvt,2,22.0981,NA,NA
3yx2CvRqi0,2,39.3822,NA,NA
PhzsaT8JM2,4,-36.8738,-39.185,-0.0818
vkYzgNpECg,4,6.6664,35.2506,4.1819
KX0f3p5VM2,4,6.6664,35.2506,4.1819
99BbxyIk4P,4,11.4208,11.6978,-1.6536
HmdIMNZkRJ,2,22.0981,NA,NA
m4GBeLfqnj,4,6.6664,35.2506,4.1819
UL8HwJ3jFC,4,-36.8738,-39.185,-0.0818
XiFq46kqNL,4,11.4208,11.6978,-1.6536
nNB9xvnXz0,4,-29.6867,-26.7863,-29.2983
RtPUj3mmOa,4,-36.8738,-39.185,-0.0818
q1iDbiTg65,4,6.901,6.0024,14.2067
9Kikx9Vuew,4,30.2132,49.8275,27.0755
3pBdMgxo4Z,4,6.6664,35.2506,4.1819
r2rWxwOk3j,4,30.2132,49.8275,27.0755
mmu4buv7C0,4,-29.6867,-26.7863,-29.2983
mIbzyJMdGK,2,22.0981,NA,NA
35Bfgg13rx,4,6.901,6.0024,14.2067
JARRPqmm6T,4,-36.8738,-39.185,-0.0818
LSQxTKIYo7,4,6.6664,35.2506,4.1819
EFlREg3PjU,4,21.5363,19.1871,0.2407
qz6jPM3KIf,4,33.877,33.2408,42.1308
qRCMmccwJX,2,-30.6713,NA,NA
anZFy9FgxX,2,-30.6713,NA,NA
uLRfGFqwMK,2,22.0981,NA,NA
l5WbBvmiuo,4,11.4208,11.6978,-1.6536
s1991QyZpp,4,-29.6867,-26.7863,-29.2983
yu7ugAAUmD,4,33.877,33.2408,42.1308
XWSaiPQ96V,4,21.5363,19.1871,0.2407
AntHDRUyZe,4,33.877,33.2408,42.1308
55X2JeG4I2,4,6.6664,35.2506,4.1819
o2tr298MxZ,4,-36.8738,-39.185,-0.0818
RLqOBKv12a,2,22.0981,NA,NA
XWXDVWVYeQ,4,6.6664,35.2506,4.1819
WccsV1ZWbG,2,39.3822,NA,NA
aIf1kdtMtb,2,22.0981,NA,NA
64Zuw3CxeH,4,11.4208,11.6978,-1.6536
6f8LJLlY1k,4,30.2132,49.8275,27.0755
w6DXv4Dyxp,4,33.877,33.2408,42.1308
pwP3ry2Xk6,4,21.5363,19.1871,0.2407
n5jpabZ21u,4,-36.8738,-39.185,-0.0818
b1LLrswruy,2,22.0981,NA,NA
VJqsUQSFqA,4,-36.8738,-39.185,-0.0818
thhBgnmdvO,2,-30.6713,NA,NA
lRbADJuksZ,4,30.2132,49.8275,27.0755
A4tEQCkK8m,4,11.4208,11.6978,-1.6536
QzQ2ucNaK5,2,-30.6713,NA,NA
vZfHaapNWt,4,6.6664,35.2506,4.1819
OSCUcV3O5d,4,-29.6867,-26.7863,-29.2983
gQdan7shWU,2,22.0981,NA,NA
CMs6WS0lHF,2,22.0981,NA,NA
EwCjNULkcV,2,39.3822,NA,NA
CgTvQworrY,4,30.2132,49.8275,27.0755
XOsMst4KfN,4,6.6664,35.2506,4.1819
ue0Hwne99w,4,33.877,33.2408,42.1308
mEQIpn60Et,4,21.5363,19.1871,0.2407
EF72UnorxD,2,22.0981,NA,NA
qlE6zoAIwe,4,11.4208,11.6978,-1.6536
nOGHlHIITF,2,22.0981,NA,NA
3Z8esDEChT,4,-29.6867,-26.7863,-29.2983
mAHfVS7xad,4,21.5363,19.1871,0.2407
X4dIHGZ3ut,4,11.4208,11.6978,-1.6536
RwBhifzbJN,2,-30.6713,NA,NA
DWM2ZwyB9U,4,6.901,6.0024,14.2067
9QHFUaZeRK,4,30.2132,49.8275,27.0755
PIGuLcNdEI,2,39.3822,NA,NA
1BQ458FWjv,4,-36.8738,-39.185,-0.0818
0Y9UItvtWN,4,21.5363,19.1871,0.2407
ewtstkpT7p,4,30.2132,49.8275,27.0755
4zvN9rP108,4,33.877,33.2408,42.1308
9j8PWkMEOD,4,6.6664,35.2506,4.1819
TOR8iDK3I6,4,30.2132,49.8275,27.0755
x7A7gyJ7KL,2,22.0981,NA,NA
ZjNb4H18SB,4,21.5363,19.1871,0.2407
rOfEUHcQuP,4,-36.8738,-39.185,-0.0818
zWl14Lmepd,4,30.2132,49.8275,27.0755
UUhdILcHf4,2,22.0981,NA,NA
VnfElgOHu7,4,21.5363,19.1871,0.2407
BmYUfmijel,2,39.3822,NA,NA
piVwFoINLI,2,-30.6713,NA,NA
9aRLzylgFx,4,6.901,6.0024,14.2067
N1Yf9JIaJZ,4,33.877,33.2408,42.1308
y8bm2KyGap,4,6.6664,35.2506,4.1819
uW40APjZn2,4,11.4208,11.6978,-1.6536
jkDKWSe5Yc,2,22.0981,NA,NA
kyTYKwYdQd,4,33.877,33.2408,42.1308
odGAr6uxbk,4,30.2132,49.8275,27.0755
HoSJ5q0eVj,4,11.4208,11.6978,-1.6536
mXuOT0imQb,4,11.4208,11.6978,-1.6536
nDTeF8KxxU,4,-29.6867,-26.7863,-29.2983
rR1DlE2yMf,2,22.0981,NA,NA
e667p8IUr4,2,39.3822,NA,NA
e7YivY6K0N,4,6.901,6.0024,14.2067
x1CjsJaa98,4,30.2132,49.8275,27.0755
xqwn30UDtX,4,6.901,6.0024,14.2067
NqgrGd13zF,4,-36.8738,-39.185,-0.0818
WdflTq2SS6,4,30.2132,49.8275,27.0755
jEcRKTdgd2,2,39.3822,NA,NA
POjlQnqP8c,4,30.2132,49.8275,27.0755
E0mXAsW1eC,4,33.877,33.2408,42.1308
ZRW8i9q7rZ,4,-29.6867,-26.7863,-29.2983
iZZfNZVKiC,4,-36.8738,-39.185,-0.0818
VHAkPrsRgZ,4,30.2132,49.8275,27.0755
uYDeMdgevd,4,11.4208,11.6978,-1.6536
SxUck3NYox,2,-30.6713,NA,NA
iNdJAEqwWy,2,39.3822,NA,NA
2bLaW3P7Xe,4,21.5363,19.1871,0.2407
anqaSRh0l3,4,6.901,6.0024,14.2067
BPGrMMC0Yl,4,-29.6867,-26.7863,-29.2983
X7vt2QsCwM,4,30.2132,49.8275,27.0755
jQbn2RXEqT,4,-36.8738,-39.185,-0.0818
CNeKkGsQUG,4,-36.8738,-39.185,-0.0818
RqM4c6NhkV,4,11.4208,11.6978,-1.6536
Wm43Z129hV,4,21.5363,19.1871,0.2407
6942mmLEIJ,2,22.0981,NA,NA
7EjD7FocTh,4,21.5363,19.1871,0.2407
567Efye8U5,4,21.5363,19.1871,0.2407
PG9JeWQR7m,4,-29.6867,-26.7863,-29.2983
mDPfPhBQv2,4,6.901,6.0024,14.2067
Cm8V76X6Xz,4,11.4208,11.6978,-1.6536
Fl23sQnBSA,4,-29.6867,-26.7863,-29.2983
POQD39BcrR,4,21.5363,19.1871,0.2407
Y1NGxcS6Nm,4,11.4208,11.6978,-1.6536
rvxU4CejV6,4,-29.6867,-26.7863,-29.2983
s1tdWejyxa,2,-30.6713,NA,NA
9BvD3DkAAI,4,30.2132,49.8275,27.0755
CY7m1hYuuE,4,21.5363,19.1871,0.2407
dhkErArMzh,2,39.3822,NA,NA
g2Y4n0O7v5,4,-29.6867,-26.7863,-29.2983
RezNn07I8O,4,6.6664,35.2506,4.1819
K68WduAlhj,4,11.4208,11.6978,-1.6536
UtKzFfVOKw,4,6.6664,35.2506,4.1819
fUATCz0AL4,2,39.3822,NA,NA
4zAaKLlJ58,2,-30.6713,NA,NA
rQv5dRJHCr,2,-30.6713,NA,NA
VGGcWuV3g8,4,-36.8738,-39.185,-0.0818
aBIGwnIO2X,4,30.2132,49.8275,27.0755
esZvWbrL8P,4,-36.8738,-39.185,-0.0818
7P1qhm3p3Q,2,22.0981,NA,NA
Drh1AGRFkE,2,39.3822,NA,NA
Mg8ZziVY8D,2,39.3822,NA,NA
5Qk2aPnpBN,2,22.0981,NA,NA
BfIPL7TzLp,4,-29.6867,-26.7863,-29.2983
tB8GagltFd,4,30.2132,49.8275,27.0755
BTM2Ng8RA3,2,22.0981,NA,NA
UQlO7zBTCu,4,-29.6867,-26.7863,-29.2983
rDHyu0AkTN,4,-36.8738,-39.185,-0.0818
i3YC9faXVt,4,6.901,6.0024,14.2067
3HFmF0yTbi,4,6.901,6.0024,14.2067
7Cz1eLtRAP,2,-30.6713,NA,NA
FQiHrpyVsp,2,39.3822,NA,NA
aHo6NU5ujN,4,-29.6867,-26.7863,-29.2983
oFBGfo9Hes,4,6.901,6.0024,14.2067
rqIQpXf6U9,2,39.3822,NA,NA
NNxElCWqRU,4,6.6664,35.2506,4.1819
eF3yRZa4ay,2,22.0981,NA,NA
DtPHSnYzey,2,-30.6713,NA,NA
f8phGnIkXt,4,6.6664,35.2506,4.1819
kBcRW0DSGW,4,6.6664,35.2506,4.1819
I5DRplHYBN,4,30.2132,49.8275,27.0755
7S2Sbs9CUB,2,22.0981,NA,NA
blkrxOiWr1,4,11.4208,11.6978,-1.6536
nDc2xT3EI0,4,30.2132,49.8275,27.0755
Bj1TxXcLvE,2,22.0981,NA,NA
TvZx36aOcE,4,-36.8738,-39.185,-0.0818
DMajUx74Sw,2,-30.6713,NA,NA
XrmrdjIQKt,4,6.901,6.0024,14.2067
BIcWwQD5PC,2,39.3822,NA,NA
KFrHHBZvTc,2,-30.6713,NA,NA
HSxodpNgWH,2,39.3822,NA,NA
18T5ZfIjfR,4,21.5363,19.1871,0.2407
2U0TMXBx2b,2,22.0981,NA,NA
k9o2OH1SS8,2,22.0981,NA,NA
BzKywFbEzl,4,11.4208,11.6978,-1.6536
yCmoDFLGRE,2,39.3822,NA,NA
WLhOoAuRHS,4,6.6664,35.2506,4.1819
sNDdpqipHv,4,21.5363,19.1871,0.2407
9aDzHt7mip,4,11.4208,11.6978,-1.6536
jM0T1Xdg7b,2,-30.6713,NA,NA
VF1Hs1JROo,4,6.901,6.0024,14.2067
aE6gngRQxg,4,6.6664,35.2506,4.1819
yBbI9FfvzU,4,-36.8738,-39.185,-0.0818
7OicOJ3vl4,2,22.0981,NA,NA
6tAFSpmdLr,4,33.877,33.2408,42.1308
w1FJKOVeIv,4,21.5363,19.1871,0.2407
j3Do3tft40,4,6.901,6.0024,14.2067
C9aAWR3fVq,4,11.4208,11.6978,-1.6536
AT8vXvspuc,2,39.3822,NA,NA
EmS1SzNDYj,2,-30.6713,NA,NA
Pvxj7u5vz8,4,30.2132,49.8275,27.0755
TA7BeshebM,4,21.5363,19.1871,0.2407
wzUABceTyk,4,6.6664,35.2506,4.1819
rpYiWNyhH4,4,-36.8738,-39.185,-0.0818
9Acr3LVTmr,4,30.2132,49.8275,27.0755
i8s4sYyJek,4,21.5363,19.1871,0.2407
E01FwZAEZj,4,-36.8738,-39.185,-0.0818
751QSqSzmt,2,-30.6713,NA,NA
LVNXUCDKJO,2,-30.6713,NA,NA
iJVcB2b651,4,11.4208,11.6978,-1.6536
ILVNN8QGSE,4,6.901,6.0024,14.2067
x1qewPaTx5,2,22.0981,NA,NA
uHgA6Je8Ub,4,21.5363,19.1871,0.2407
HGNPgz8tzj,4,33.877,33.2408,42.1308
gGbMkv7ONc,4,-36.8738,-39.185,-0.0818
UQ46UOmo6Z,4,-36.8738,-39.185,-0.0818
KLEUQZN47J,4,6.6664,35.2506,4.1819
iEsAwO6ihl,4,33.877,33.2408,42.1308
h5YfPEFY2t,4,-29.6867,-26.7863,-29.2983
M5Y8cb6rQ9,2,39.3822,NA,NA
3rOKnX3V2U,2,22.0981,NA,NA
fsRoGc8HUc,4,11.4208,11.6978,-1.6536
7Wp3xUqVSz,4,6.6664,35.2506,4.1819
qH0c6rBccc,2,-30.6713,NA,NA
FjiAdqVQOl,4,6.901,6.0024,14.2067
s5ClQRcplN,4,6.6664,35.2506,4.1819
B0ngBVF43i,4,6.901,6.0024,14.2067
YhgFJWfCFC,4,6.6664,35.2506,4.1819
9o8p2sS6Lv,4,-29.6867,-26.7863,-29.2983
AST1N1QQaF,4,-29.6867,-26.7863,-29.2983
kZQWNVfCQJ,4,33.877,33.2408,42.1308
Y1DgpXmB9L,4,6.6664,35.2506,4.1819
p7Az3b4odd,2,-30.6713,NA,NA
APioepKg09,4,30.2132,49.8275,27.0755
XIpEqSewVO,4,-36.8738,-39.185,-0.0818
pg6KNPGsbC,4,33.877,33.2408,42.1308
dLOadUxhwx,4,-29.6867,-26.7863,-29.2983
jww0ILoN8y,2,22.0981,NA,NA
9mEBEppmcJ,4,33.877,33.2408,42.1308
EWXxn9dpSt,4,33.877,33.2408,42.1308
lMekSq1YXS,2,22.0981,NA,NA
TUEgqRh81i,4,-36.8738,-39.185,-0.0818
1bawkPjTGG,4,33.877,33.2408,42.1308
pbU3Jg6Hfh,4,6.901,6.0024,14.2067
LkHx8krgo8,4,-36.8738,-39.185,-0.0818
qieDRKZj71,4,11.4208,11.6978,-1.6536
aLstk5OUKY,2,39.3822,NA,NA
nkvbNYDzsC,2,39.3822,NA,NA
kxyTYo69Nd,4,-36.8738,-39.185,-0.0818
uyTepj8m7a,4,-29.6867,-26.7863,-29.2983
sGVP3jktpJ,4,-36.8738,-39.185,-0.0818
XJnt8lffEj,4,-29.6867,-26.7863,-29.2983
yd0e79hG9I,4,6.901,6.0024,14.2067
xLEuClUAbH,4,33.877,33.2408,42.1308
F3URTm9EWl,4,21.5363,19.1871,0.2407
3mxU0YEfrK,2,39.3822,NA,NA
fNz11qShh3,4,-36.8738,-39.185,-0.0818
1yZiX8QUCY,4,6.901,6.0024,14.2067
4kSRQ4uRUz,4,21.5363,19.1871,0.2407
koI8pC8aDk,4,-29.6867,-26.7863,-29.2983
uL4zcRDIhV,2,-30.6713,NA,NA
8EVslNhogn,4,30.2132,49.8275,27.0755
bWBZi6yKod,2,22.0981,NA,NA
LSRoNDGZh3,4,-36.8738,-39.185,-0.0818
3GzfUnbnmr,2,39.3822,NA,NA
6kAOtydzBs,2,22.0981,NA,NA
XDQf1IpSZI,4,30.2132,49.8275,27.0755
5FyzHWIxub,4,-29.6867,-26.7863,-29.2983
liU5C3guJZ,4,33.877,33.2408,42.1308
xSQT4bCCZC,2,39.3822,NA,NA
eYS4bBBcAf,4,11.4208,11.6978,-1.6536
HnqO7Lpo51,4,-29.6867,-26.7863,-29.2983
sXtJR7bUYG,4,33.877,33.2408,42.1308
n2fIb9yojV,2,22.0981,NA,NA
vsi81DvjtS,4,33.877,33.2408,42.1308
3REPQjxR3x,4,-29.6867,-26.7863,-29.2983
jCbdmpvzki,4,33.877,33.2408,42.1308
ZYKzJJ8gi1,4,6.6664,35.2506,4.1819
x1KTUyZGr5,2,22.0981,NA,NA
QXwisATTrt,2,39.3822,NA,NA
uCohziTe3R,4,6.6664,35.2506,4.1819
Sv1TehTsan,2,-30.6713,NA,NA
wGkFAuPsGx,4,30.2132,49.8275,27.0755
nd7UP0Xtu9,2,22.0981,NA,NA
i4j5PDTmz5,4,21.5363,19.1871,0.2407
80yp71oxD8,4,30.2132,49.8275,27.0755
z96R3ojPdK,4,6.6664,35.2506,4.1819
Us2dLXk7QR,4,11.4208,11.6978,-1.6536
jfeu3NsHVF,2,-30.6713,NA,NA
LSnFL7p42P,4,30.2132,49.8275,27.0755
rPytXTLuPM,4,6.6664,35.2506,4.1819
CIvwiptIB7,2,-30.6713,NA,NA
bcK9dq976Q,2,39.3822,NA,NA
jOP0tECUo3,4,11.4208,11.6978,-1.6536
mFnIB0007S,4,-29.6867,-26.7863,-29.2983
iKjKrnzodo,4,30.2132,49.8275,27.0755
Yfmu5QnTQa,4,30.2132,49.8275,27.0755
5SwQHBJIQZ,4,33.877,33.2408,42.1308
S4GWaRD0HK,4,11.4208,11.6978,-1.6536
4LOgDhV9bc,4,33.877,33.2408,42.1308
99Nc9nniuZ,4,30.2132,49.8275,27.0755
LeGeXVOKOX,4,33.877,33.2408,42.1308
UBYlBExjlQ,4,33.877,33.2408,42.1308
dzkbZiTYoJ,4,33.877,33.2408,42.1308
ejFE6Bm4Y2,2,22.0981,NA,NA
m0ve4K0oPx,2,-30.6713,NA,NA
VmYwPG9Ukb,4,21.5363,19.1871,0.2407
0UdQCMs1nC,4,-36.8738,-39.185,-0.0818
UGJfWrZtXH,2,39.3822,NA,NA
Ia5lfsHi5D,2,22.0981,NA,NA
RgzA2zq29g,4,21.5363,19.1871,0.2407
MP1QDFXikR,4,6.901,6.0024,14.2067
VWE2qaFvfS,4,33.877,33.2408,42.1308
EIydm1C9Qv,4,-36.8738,-39.185,-0.0818
wYH35zElW7,4,6.6664,35.2506,4.1819
JWhnkXTqWu,4,6.901,6.0024,14.2067
SRDn406K0m,4,6.901,6.0024,14.2067
37vBrA95ZX,4,30.2132,49.8275,27.0755
OTmrIN1h75,2,39.3822,NA,NA
jg3h2PwBAi,4,6.6664,35.2506,4.1819
qJN3WLs2Zi,4,21.5363,19.1871,0.2407
BTnEdQvSiJ,4,6.6664,35.2506,4.1819
mGv0wqtt31,4,21.5363,19.1871,0.2407
DTwpi1ZCx0,2,22.0981,NA,NA
y8hwTu84aa,4,33.877,33.2408,42.1308
iJXFudki7I,4,-29.6867,-26.7863,-29.2983
LTaEnoCMzY,4,30.2132,49.8275,27.0755
3lpgbC7SlF,4,30.2132,49.8275,27.0755
NEJTH7k0ws,4,-29.6867,-26.7863,-29.2983
KBEPv9UMvL,4,-36.8738,-39.185,-0.0818
FK7Cs6KTZt,4,11.4208,11.6978,-1.6536
WQEALxtc0L,2,39.3822,NA,NA
UsOg4FqYQb,4,6.6664,35.2506,4.1819
bxhvg42l82,4,11.4208,11.6978,-1.6536
jZJrlWGUmb,4,6.6664,35.2506,4.1819
SpJ6DSblZ2,4,6.901,6.0024,14.2067
XWEPFVEfzD,4,6.6664,35.2506,4.1819
OEPbYULXoc,4,11.4208,11.6978,-1.6536
GH6R3E9Bbp,4,11.4208,11.6978,-1.6536
lqPipPy308,4,6.6664,35.2506,4.1819
Wt9KrznV8F,2,-30.6713,NA,NA
lNww3dLLRC,4,-29.6867,-26.7863,-29.2983
RpPuwiPP80,4,21.5363,19.1871,0.2407
S6849SxMYo,4,21.5363,19.1871,0.2407
UdeiAA0RaH,2,39.3822,NA,NA
JbAmaKe44G,4,-36.8738,-39.185,-0.0818
v4Fkxdu0KU,4,-36.8738,-39.185,-0.0818
HVMGAwHcBB,4,-29.6867,-26.7863,-29.2983
bhf5QyAlHD,4,-36.8738,-39.185,-0.0818
4fOhC4WgFV,4,21.5363,19.1871,0.2407
ciFX59GIM6,4,33.877,33.2408,42.1308
GvTA3FUPZ0,4,21.5363,19.1871,0.2407
UFm6Tn2d6c,4,11.4208,11.6978,-1.6536
xk86G9UH2F,4,-29.6867,-26.7863,-29.2983
J9XP6r50OU,4,21.5363,19.1871,0.2407
K82QcKSLJp,2,-30.6713,NA,NA
1CYP4bEM3A,2,-30.6713,NA,NA
xDgYaB5NLe,4,11.4208,11.6978,-1.6536
J01NqQ2jAV,4,-36.8738,-39.185,-0.0818
aAdu5Nrexe,4,33.877,33.2408,42.1308
3idzQanxaQ,4,33.877,33.2408,42.1308
F2iPNd5ij7,4,33.877,33.2408,42.1308
bQDOVGHQPz,4,6.6664,35.2506,4.1819
WyxQ1EQAlv,4,-29.6867,-26.7863,-29.2983
DFGVgRq86Q,4,-29.6867,-26.7863,-29.2983
mhtMr0rDu7,4,21.5363,19.1871,0.2407
nfKb4hwVyB,2,22.0981,NA,NA
i2ZNZ4HwVB,2,39.3822,NA,NA
cO7yNov3Wi,4,-29.6867,-26.7863,-29.2983
IoAS1xqfw2,4,-36.8738,-39.185,-0.0818
lgfo7A77qj,2,-30.6713,NA,NA
CroLu2WUSI,2,39.3822,NA,NA
QNzmtBOCKC,4,-29.6867,-26.7863,-29.2983
EUvjGfJ5DG,4,6.6664,35.2506,4.1819
W1bF11henj,4,6.901,6.0024,14.2067
UIu369ne7T,4,30.2132,49.8275,27.0755
k4hbnXzwPN,4,30.2132,49.8275,27.0755
NXSV6JWCzd,4,-29.6867,-26.7863,-29.2983
WBm6BOVrCa,2,-30.6713,NA,NA
BNUPIZzJ7n,4,30.2132,49.8275,27.0755
M9hP4l4K0f,4,6.6664,35.2506,4.1819
OFAplbYm6O,2,39.3822,NA,NA
XfQg2hSjQg,4,6.901,6.0024,14.2067
7a53LwtaiZ,4,6.6664,35.2506,4.1819
TcvwwuPbfL,4,6.901,6.0024,14.2067
bl72pFxqz0,4,-36.8738,-39.185,-0.0818
LD5iQQDFkZ,4,33.877,33.2408,42.1308
2qYMCWrMol,2,-30.6713,NA,NA
YGFjxffpZr,4,21.5363,19.1871,0.2407
Ne8YfBjsR9,4,6.901,6.0024,14.2067
GRTDBJO19N,4,-29.6867,-26.7863,-29.2983
h2WuxFku7h,4,21.5363,19.1871,0.2407
mZWc25cKVI,4,6.6664,35.2506,4.1819
DIbaRTRJq1,2,39.3822,NA,NA
M8n8nN3vUt,4,30.2132,49.8275,27.0755
GlxoNlAqjH,4,6.6664,35.2506,4.1819
9QbzyNPB9l,4,6.901,6.0024,14.2067
3Xi5eL8ghY,4,-36.8738,-39.185,-0.0818
xXyDVNqrn7,4,21.5363,19.1871,0.2407
JNjrqww3Gy,4,6.901,6.0024,14.2067
GJBx6O3FDM,4,33.877,33.2408,42.1308
Cp5KT4ofkH,2,-30.6713,NA,NA
96KyVB9TC0,4,21.5363,19.1871,0.2407
Fna3M4nAjn,2,22.0981,NA,NA
0qaINMiYJL,4,-29.6867,-26.7863,-29.2983
TXvWSjKygg,4,-36.8738,-39.185,-0.0818
XZZyz5NtcU,4,-29.6867,-26.7863,-29.2983
rWNvvn9Cu1,2,22.0981,NA,NA
gfpGytz7LT,4,6.6664,35.2506,4.1819
shbb3c1sFP,4,11.4208,11.6978,-1.6536
2x6uKNO82e,4,11.4208,11.6978,-1.6536
r8i6Ot75L4,4,-36.8738,-39.185,-0.0818
6cZcPdEUGq,4,6.901,6.0024,14.2067
GIk6LBld1F,4,-36.8738,-39.185,-0.0818
GsmHy4yi4f,4,-29.6867,-26.7863,-29.2983
jJvKn8qJnA,4,30.2132,49.8275,27.0755
fiqAHBDZ23,4,33.877,33.2408,42.1308
AG31MbUFuW,4,6.6664,35.2506,4.1819
ZPgHQ5LWQ4,4,6.6664,35.2506,4.1819
zd4ez5xW0W,4,-29.6867,-26.7863,-29.2983
OvlbWLDfSR,4,-29.6867,-26.7863,-29.2983
7nbtcEatFd,4,6.6664,35.2506,4.1819
JFMAPRaTaC,4,30.2132,49.8275,27.0755
9MPoB4HEB3,4,33.877,33.2408,42.1308
ZNkUoA62eh,4,30.2132,49.8275,27.0755
JWwCEluQ2W,4,33.877,33.2408,42.1308
4Vk3Yk63Ph,2,-30.6713,NA,NA
rmmy8tCrJ2,4,33.877,33.2408,42.1308
gN7FCQ99sv,4,33.877,33.2408,42.1308
qhXpg6nWpS,4,11.4208,11.6978,-1.6536
unQfGZPtLK,4,6.6664,35.2506,4.1819
U7u8pFE10V,4,-36.8738,-39.185,-0.0818
PyjYwptkuL,2,-30.6713,NA,NA
s5J3IqqX6x,4,6.901,6.0024,14.2067
SyP7YfhRIz,4,-29.6867,-26.7863,-29.2983
q5ujkgisk4,2,39.3822,NA,NA
WNbyLEktmk,4,21.5363,19.1871,0.2407
seE4z8shqa,4,33.877,33.2408,42.1308
acsBT4wyd3,4,6.6664,35.2506,4.1819
wht5MKPU8b,2,22.0981,NA,NA
lkLzvg0Qe7,4,6.6664,35.2506,4.1819
NY8t4lTRTF,2,39.3822,NA,NA
78NqbnEp8X,4,6.901,6.0024,14.2067
Hze7uvdJ94,4,-36.8738,-39.185,-0.0818
n1YLe1HrqS,4,6.901,6.0024,14.2067
utOQv3Wful,2,-30.6713,NA,NA
5rw5LNaour,4,-36.8738,-39.185,-0.0818
RELc0SkKbU,4,6.6664,35.2506,4.1819
qM0vG4zj30,2,39.3822,NA,NA
YMSqD2V63g,4,30.2132,49.8275,27.0755
kWNAbxPHqj,2,-30.6713,NA,NA
atiFauaW9L,4,6.901,6.0024,14.2067
VUYB8MCzH2,4,21.5363,19.1871,0.2407
gsZE2k08BT,4,-29.6867,-26.7863,-29.2983
NwWFRJRewz,2,22.0981,NA,NA
fkjfe0Mi99,4,33.877,33.2408,42.1308
b1kHgLebGf,4,30.2132,49.8275,27.0755
JH0SmYO7dF,4,-29.6867,-26.7863,-29.2983
RRw7f21u8h,4,33.877,33.2408,42.1308
UgKNegormi,4,6.6664,35.2506,4.1819
PeGMlFsf9T,4,-36.8738,-39.185,-0.0818
IccD8nuRu5,2,-30.6713,NA,NA
XNlGaS0bE4,4,6.6664,35.2506,4.1819
OTH1uaTepT,4,6.6664,35.2506,4.1819
KqsFnI0GKj,4,6.901,6.0024,14.2067
eG8pJzUCVL,4,-36.8738,-39.185,-0.0818
CykdPNLNxk,2,-30.6713,NA,NA
eJNG0E0zvZ,4,6.901,6.0024,14.2067
qFHk8pnsJA,4,30.2132,49.8275,27.0755
hHvXOvtGIi,4,-29.6867,-26.7863,-29.2983
38op7YdbGN,4,6.901,6.0024,14.2067
ne1fA3c6Tj,2,-30.6713,NA,NA
sjFRMvoZIk,4,6.6664,35.2506,4.1819
gGk0mbTq42,2,22.0981,NA,NA
hDkuxf0JME,4,11.4208,11.6978,-1.6536
BcjQvdUaMJ,4,6.901,6.0024,14.2067
LWshLpv0rK,4,33.877,33.2408,42.1308
o9suK3kijK,4,6.6664,35.2506,4.1819
Dgak7zijys,4,6.901,6.0024,14.2067
C3TeBvfxdK,2,22.0981,NA,NA
ml5ADbgJtT,4,21.5363,19.1871,0.2407
Tp5qjQmSu5,4,21.5363,19.1871,0.2407
CE5ICUiNfu,2,-30.6713,NA,NA
j9sPP9IPwl,4,11.4208,11.6978,-1.6536
JHiMFohaGW,4,-29.6867,-26.7863,-29.2983
J1s57vp1uW,4,11.4208,11.6978,-1.6536
KFsw6lpOeP,4,-29.6867,-26.7863,-29.2983
VO0wY3jB9f,2,22.0981,NA,NA
I2qaiP3WJK,2,39.3822,NA,NA
9WWfPEsJKu,4,6.6664,35.2506,4.1819
zKqVKxLZs1,4,33.877,33.2408,42.1308
jbb4L70bGM,2,39.3822,NA,NA
sFZ6uoyDfY,4,6.6664,35.2506,4.1819
QIEaD7vp60,4,-29.6867,-26.7863,-29.2983
F2xSHCzlgc,4,6.6664,35.2506,4.1819
m18FwTU9cY,4,6.901,6.0024,14.2067
9aPVnrVn7H,2,-30.6713,NA,NA
7nNX1NZfLu,4,30.2132,49.8275,27.0755
UO99ptcLLP,4,6.6664,35.2506,4.1819
7fjdTLKmy2,4,33.877,33.2408,42.1308
w46GHiX0tA,4,33.877,33.2408,42.1308
WEvT4BaEav,4,-29.6867,-26.7863,-29.2983
8en7SfKCR7,4,11.4208,11.6978,-1.6536
fp4mzUYIqG,4,-29.6867,-26.7863,-29.2983
HAN74I3wBF,4,-29.6867,-26.7863,-29.2983
yBqwqEugah,4,-29.6867,-26.7863,-29.2983
kzh7H8eLzd,4,6.901,6.0024,14.2067
TQyo9I8ubt,4,30.2132,49.8275,27.0755
hqJtMDyULh,2,22.0981,NA,NA
AShxJuEkp4,4,6.901,6.0024,14.2067
enp9bDuGAP,4,11.4208,11.6978,-1.6536
6BbVT8KYFE,2,22.0981,NA,NA
zarxfOhH58,2,22.0981,NA,NA
sXIhbuWKrX,4,33.877,33.2408,42.1308
dODuUs8uxm,4,33.877,33.2408,42.1308
lU2WXHGjv5,4,6.901,6.0024,14.2067
U8sEhcWUp1,4,-29.6867,-26.7863,-29.2983
xZiLQnWQZX,4,6.901,6.0024,14.2067
esQF0iFEM0,4,21.5363,19.1871,0.2407
ETzHklLjuP,4,-36.8738,-39.185,-0.0818
xPp2dTEOJE,4,-36.8738,-39.185,-0.0818
KFc1Ndpxal,4,11.4208,11.6978,-1.6536
yYz9tMCabL,2,-30.6713,NA,NA
B51aGCa9fY,4,-29.6867,-26.7863,-29.2983
1fNzhh8QKU,4,30.2132,49.8275,27.0755
JfJFJoBMME,2,22.0981,NA,NA
Cub8imcYhA,4,6.6664,35.2506,4.1819
Beu3klzXFT,4,-29.6867,-26.7863,-29.2983
zv9Afihu52,4,6.901,6.0024,14.2067
gJTVuq6vZg,4,6.901,6.0024,14.2067
BXUGO5BjEH,4,6.901,6.0024,14.2067
WmLNslKzPW,4,11.4208,11.6978,-1.6536
pbe4S5XiHL,4,11.4208,11.6978,-1.6536
J65ALiinxW,4,6.901,6.0024,14.2067
JoqL5TK7mb,4,21.5363,19.1871,0.2407
EV4FvMbasv,2,22.0981,NA,NA
mvLRRPc68x,2,22.0981,NA,NA
fekSdAlyqi,4,6.901,6.0024,14.2067
ZaTeq5rRam,4,-29.6867,-26.7863,-29.2983
QGlMwdrKBY,4,-29.6867,-26.7863,-29.2983
v45BViyv2E,4,30.2132,49.8275,27.0755
h1ODDACyir,4,6.901,6.0024,14.2067
MpRNsOZoUs,4,6.6664,35.2506,4.1819
7JnexsNrCJ,4,21.5363,19.1871,0.2407
pR51WTrfPg,4,21.5363,19.1871,0.2407
RySwYlLOSr,4,33.877,33.2408,42.1308
skVmTcKHe8,2,39.3822,NA,NA
cN1hqiEwVU,2,22.0981,NA,NA
ZOTAtP5bbt,2,22.0981,NA,NA
WAuD8FYJhx,4,33.877,33.2408,42.1308
Baf0acpUdm,4,6.901,6.0024,14.2067
ZMbd4gGyS6,4,6.6664,35.2506,4.1819
7MkgZgEEze,2,22.0981,NA,NA
hBbwVKYuR7,4,6.901,6.0024,14.2067
0Ps2xj7Ec8,2,39.3822,NA,NA
VUSvRUmhtN,4,-29.6867,-26.7863,-29.2983
pZ5RNUFJN1,2,22.0981,NA,NA
RTsFonGm0G,4,6.901,6.0024,14.2067
YmDtKde1qQ,4,21.5363,19.1871,0.2407
qp92e6rpOF,2,39.3822,NA,NA
6bFRMv0pGe,4,6.6664,35.2506,4.1819
j1TmC4NyB1,4,6.901,6.0024,14.2067
ac35sC62LS,2,-30.6713,NA,NA
BnzfRqS4pP,2,39.3822,NA,NA
HPI9lYcaXg,4,-29.6867,-26.7863,-29.2983
mRidPdHU6p,4,-29.6867,-26.7863,-29.2983
vEs2zX0sXN,4,6.6664,35.2506,4.1819
vbz0gAQoGv,4,-29.6867,-26.7863,-29.2983
YmskmNl2kN,4,21.5363,19.1871,0.2407
D1N1O4Vj9Y,4,11.4208,11.6978,-1.6536
6BrSdDtlyR,4,-29.6867,-26.7863,-29.2983
upfaG1gS3m,4,-36.8738,-39.185,-0.0818
jM8B8WIOEP,4,-29.6867,-26.7863,-29.2983
gJ7fvo160G,4,21.5363,19.1871,0.2407
Lg936ZVoJw,4,6.6664,35.2506,4.1819
d9RKS5pinB,4,6.6664,35.2506,4.1819
spAJIknc0t,2,39.3822,NA,NA
eDidWEQ44z,4,6.6664,35.2506,4.1819
hTKaeXfWKS,4,-36.8738,-39.185,-0.0818
JD13vZYtpW,4,11.4208,11.6978,-1.6536
jEndEv305e,4,33.877,33.2408,42.1308
G0xJsg7snr,4,6.901,6.0024,14.2067
YsrIr351FC,4,33.877,33.2408,42.1308
5yCHZWOnF8,4,30.2132,49.8275,27.0755
rdxeNkPXBc,4,30.2132,49.8275,27.0755
xv3xLft0bc,4,33.877,33.2408,42.1308
A7A2e6OHXN,4,30.2132,49.8275,27.0755
KslPPAvlo6,2,-30.6713,NA,NA
zMZEU5zANa,2,-30.6713,NA,NA
zevw9CqLul,4,6.901,6.0024,14.2067
n3G3sA8b86,2,-30.6713,NA,NA
WqfNVNHe9I,2,39.3822,NA,NA
5YVvZQUwWJ,4,30.2132,49.8275,27.0755
TkRvMKvsg2,4,33.877,33.2408,42.1308
NmSVaMSYy9,4,30.2132,49.8275,27.0755
TPJTywB4k8,4,30.2132,49.8275,27.0755
D78jgrCxLa,2,39.3822,NA,NA
DdRhp3hFns,4,-29.6867,-26.7863,-29.2983
0FpzMmqRvU,4,33.877,33.2408,42.1308
p9v6bSs7YU,4,-36.8738,-39.185,-0.0818
51ZcAsdF1p,4,11.4208,11.6978,-1.6536
CmxqwW13bo,4,30.2132,49.8275,27.0755
V8BCtsSS4z,4,11.4208,11.6978,-1.6536
eO2tyhbA1L,2,-30.6713,NA,NA
PEibyLhJ1t,2,39.3822,NA,NA
nFihM5ARfC,4,30.2132,49.8275,27.0755
OaS1cFOgEZ,4,-36.8738,-39.185,-0.0818
uUTTg3qO57,4,11.4208,11.6978,-1.6536
qeWHotplO7,4,21.5363,19.1871,0.2407
IhR7LiqRkZ,4,11.4208,11.6978,-1.6536
lTgxFlL2Ef,2,-30.6713,NA,NA
Yl71D5Rxj9,4,21.5363,19.1871,0.2407
OIj3hDfwUB,2,22.0981,NA,NA
6csir0ZwCU,4,-29.6867,-26.7863,-29.2983
WiNZQs2BtN,2,-30.6713,NA,NA
VOccIu93bO,4,33.877,33.2408,42.1308
GLpEQmJ3B3,4,11.4208,11.6978,-1.6536
7HHCoaHBvo,4,6.901,6.0024,14.2067
3iyNaU5Kb9,4,33.877,33.2408,42.1308
0VTqkjhhuJ,2,22.0981,NA,NA
xKeDQhm73G,4,6.6664,35.2506,4.1819
tP5gAzLjvi,2,22.0981,NA,NA
8n7fH3Sb4w,2,22.0981,NA,NA
KHloB0j3aO,2,39.3822,NA,NA
Ra8ESW6Zwl,2,22.0981,NA,NA
axb7fWA7cF,4,11.4208,11.6978,-1.6536
L9ngiGLJmH,4,30.2132,49.8275,27.0755
wEhZIFCvJN,4,33.877,33.2408,42.1308
4DWjgZ2YD9,4,11.4208,11.6978,-1.6536
2DLJZrHEtM,2,39.3822,NA,NA
pebdG7PbRP,4,33.877,33.2408,42.1308
oRfFJl5Yqq,4,6.6664,35.2506,4.1819
JWcu762IfV,4,-29.6867,-26.7863,-29.2983
6YHJOd0flJ,4,6.901,6.0024,14.2067
DULoHnkXu2,4,-29.6867,-26.7863,-29.2983
tVUME0mPPH,4,6.901,6.0024,14.2067
AWDCuqJ22X,2,39.3822,NA,NA
HNOQf9UcTh,4,30.2132,49.8275,27.0755
AKt0v9S262,4,30.2132,49.8275,27.0755
j4zdt8lyy1,4,33.877,33.2408,42.1308
BEZn5gZC8D,4,6.901,6.0024,14.2067
46DtXziVmJ,4,11.4208,11.6978,-1.6536
Ibe6ZlZYoN,2,22.0981,NA,NA
arzSWNoDuw,2,39.3822,NA,NA
vuKlJpL7mD,2,-30.6713,NA,NA
P8fxXtH3Xo,2,-30.6713,NA,NA
EypBsrayYg,2,-30.6713,NA,NA
uBwLsVBxdo,4,21.5363,19.1871,0.2407
PuLArSVcGE,4,30.2132,49.8275,27.0755
oB7UAefR2L,4,6.6664,35.2506,4.1819
XSCigV8Att,2,39.3822,NA,NA
XupEisPBe1,2,-30.6713,NA,NA
qiDJGjbYdx,2,22.0981,NA,NA
cONjISsAQY,4,21.5363,19.1871,0.2407
mCXVeWrTNJ,4,6.6664,35.2506,4.1819
8KRG9UlX2k,4,21.5363,19.1871,0.2407
6X2AFyQ1tZ,2,-30.6713,NA,NA
DInRCLhSbk,2,39.3822,NA,NA
cQn6MAEdtb,4,21.5363,19.1871,0.2407
X0nlBbQEx7,4,6.6664,35.2506,4.1819
LrQcqIbwp6,4,6.901,6.0024,14.2067
Q1A7XCwl4o,2,-30.6713,NA,NA
B9SI0SAtFw,2,39.3822,NA,NA
96s4NRbASA,4,6.6664,35.2506,4.1819
QO3qLcLjMx,4,11.4208,11.6978,-1.6536
2gudHmrXmQ,4,11.4208,11.6978,-1.6536
4Kz7SuzGi7,2,22.0981,NA,NA
cX9DtFUnPb,4,-36.8738,-39.185,-0.0818
MIkYsQfzmc,2,-30.6713,NA,NA
kPupfMT4Dc,4,6.901,6.0024,14.2067
H1z7mEF60c,2,39.3822,NA,NA
9dR2s8f1N2,4,6.901,6.0024,14.2067
99sfCtveEP,2,-30.6713,NA,NA
CcX2OY9hdN,4,11.4208,11.6978,-1.6536
6t5hPKyUhr,4,6.901,6.0024,14.2067
aTg0Y383Na,4,11.4208,11.6978,-1.6536
TwKnET1EOB,2,-30.6713,NA,NA
uMFyPlmZpw,2,39.3822,NA,NA
GcbdyOqGZM,2,39.3822,NA,NA
UUS0EqGIZY,4,-29.6867,-26.7863,-29.2983
BbJLeBqAkL,4,30.2132,49.8275,27.0755
y2teo4PBri,2,39.3822,NA,NA
gvYlYeWd30,2,-30.6713,NA,NA
D3inqYVqBG,4,33.877,33.2408,42.1308
hgMRyYPBHz,2,22.0981,NA,NA
MOWheepk3i,4,21.5363,19.1871,0.2407
HlxYBUGqr4,4,6.901,6.0024,14.2067
33brloaRyn,4,6.6664,35.2506,4.1819
fFRgeO7M42,2,39.3822,NA,NA
rWrgEMs2KM,4,33.877,33.2408,42.1308
3fXtrrePoK,4,33.877,33.2408,42.1308
yU71LkK39K,4,30.2132,49.8275,27.0755
azFfzDhP1R,2,39.3822,NA,NA
QtFnFD5NCL,4,21.5363,19.1871,0.2407
sAzv8C2hLy,4,33.877,33.2408,42.1308
tD4IdgbjFs,2,39.3822,NA,NA
TSbwMKpCxp,4,-29.6867,-26.7863,-29.2983
sQ0VNHOCav,4,30.2132,49.8275,27.0755
tJsacwGm5b,4,33.877,33.2408,42.1308
3fveGg1YsV,4,-29.6867,-26.7863,-29.2983
MCsFV9Zo6D,4,30.2132,49.8275,27.0755
1SKEfvMeYq,4,6.6664,35.2506,4.1819
fnukHSGyCg,4,-36.8738,-39.185,-0.0818
BitAxnQ9aO,4,6.6664,35.2506,4.1819
n4iAhJVVLN,4,-36.8738,-39.185,-0.0818
fIqMZRwDxs,4,33.877,33.2408,42.1308
4f1Q9MJ2u2,4,-36.8738,-39.185,-0.0818
iqrW6stHmj,4,-36.8738,-39.185,-0.0818
G4jfrXZfRJ,2,39.3822,NA,NA
9zFT6s4J3T,4,6.6664,35.2506,4.1819
pw48B7T6Qu,4,21.5363,19.1871,0.2407
Wr5gkUVqM9,2,22.0981,NA,NA
IEDlm5WfLH,4,6.901,6.0024,14.2067
dGuTJLDSKY,4,11.4208,11.6978,-1.6536
ajMIIwAhxK,2,39.3822,NA,NA
BKK2Cfjwth,2,22.0981,NA,NA
a1qSSIW87I,4,-29.6867,-26.7863,-29.2983
ttBxdMGNz7,4,21.5363,19.1871,0.2407
tR0peVbCl6,4,-29.6867,-26.7863,-29.2983
Zmzy7FdM8X,4,30.2132,49.8275,27.0755
ypyxiEj1Ft,4,6.901,6.0024,14.2067
UYpAnbA50N,2,39.3822,NA,NA
eopN8HOotF,4,6.901,6.0024,14.2067
97AbGe5p7b,4,6.901,6.0024,14.2067
kNlTEm1V3P,4,6.901,6.0024,14.2067
CtzjGlcr3w,4,6.6664,35.2506,4.1819
Ow3fFyKeCj,4,21.5363,19.1871,0.2407
2J7XdfdRry,4,21.5363,19.1871,0.2407
wpYI8Oys45,2,22.0981,NA,NA
rrN1XMVIP1,4,30.2132,49.8275,27.0755
u9JeZJk8OJ,4,11.4208,11.6978,-1.6536
ORczLT9E4x,4,11.4208,11.6978,-1.6536
vNr5eMqFth,2,22.0981,NA,NA
ZvQ7u3t45q,4,30.2132,49.8275,27.0755
Ln9ihn845Q,4,6.901,6.0024,14.2067
HyQ1vSfynr,2,22.0981,NA,NA
XLOMb8ThaR,4,-29.6867,-26.7863,-29.2983
jZXBmpdRpd,2,-30.6713,NA,NA
4gX8CkjuGS,2,22.0981,NA,NA
2XoMBAOAov,4,11.4208,11.6978,-1.6536
jxoUCtLq7U,4,6.6664,35.2506,4.1819
LNaQdO5rP2,2,-30.6713,NA,NA
LeVOXhoKpJ,2,22.0981,NA,NA
VljAF7FOGs,2,39.3822,NA,NA
10NVgWyax8,4,21.5363,19.1871,0.2407
WZAbkjgrL3,4,33.877,33.2408,42.1308
ydfZbgxyzn,4,33.877,33.2408,42.1308
GjFBKihbHr,4,30.2132,49.8275,27.0755
MWtSK5lDgv,4,21.5363,19.1871,0.2407
iGNwWvH8Z2,4,33.877,33.2408,42.1308
tfcdd9PnQq,4,6.6664,35.2506,4.1819
hdW24nc1e0,4,-29.6867,-26.7863,-29.2983
F3vK4t3s0k,4,6.901,6.0024,14.2067
odywLJruBQ,4,-29.6867,-26.7863,-29.2983
P3Vbgf22Ty,2,-30.6713,NA,NA
cBDUSObPRY,2,22.0981,NA,NA
JemkJlj7eG,4,6.6664,35.2506,4.1819
iBE0Qvktsx,2,39.3822,NA,NA
0GuK0dJoDJ,4,-36.8738,-39.185,-0.0818
vuyi5uJntH,2,-30.6713,NA,NA
iVPTMBFmu2,4,6.6664,35.2506,4.1819
MGB70Zsnbz,4,-36.8738,-39.185,-0.0818
erHaUaN3SX,4,30.2132,49.8275,27.0755
fwY5YqgDq7,4,33.877,33.2408,42.1308
fStfiDUYXz,4,33.877,33.2408,42.1308
JzE8fXIN7X,4,21.5363,19.1871,0.2407
14olD2bTcK,4,6.901,6.0024,14.2067
bwZGgoHgDG,4,30.2132,49.8275,27.0755
tC9TwkjiMX,4,6.901,6.0024,14.2067
uumMoQ7c6n,4,33.877,33.2408,42.1308
MuxkK0tCHQ,4,-29.6867,-26.7863,-29.2983
Zo3Rr8bFdb,4,30.2132,49.8275,27.0755
r8gwq3WacN,4,21.5363,19.1871,0.2407
uqvG5XO7XQ,4,6.901,6.0024,14.2067
vDmfFFnuGy,2,22.0981,NA,NA
aXJtx4GN2t,4,30.2132,49.8275,27.0755
pRMGEND9oE,4,11.4208,11.6978,-1.6536
v7D70m9YRS,4,33.877,33.2408,42.1308
1R5YWkEw5n,4,6.901,6.0024,14.2067
KvrcA6k22x,4,6.6664,35.2506,4.1819
S9BxDWTTaW,4,6.6664,35.2506,4.1819
0fI9mvdFq6,4,-29.6867,-26.7863,-29.2983
r6z6wzTcd8,4,6.6664,35.2506,4.1819
hPt7i3eERx,4,33.877,33.2408,42.1308
rXsTk1OQ2b,4,30.2132,49.8275,27.0755
99C24Qsq0c,4,6.6664,35.2506,4.1819
Mu5rH8cy87,2,39.3822,NA,NA
d6VP8U9l5d,4,21.5363,19.1871,0.2407
SUDjcNOnGF,4,6.901,6.0024,14.2067
mW4U7v2ERG,4,30.2132,49.8275,27.0755
QpRkRZvyzW,4,21.5363,19.1871,0.2407
NOAtH00fuo,4,21.5363,19.1871,0.2407
tdKJjBt48U,2,-30.6713,NA,NA
9CPls62ngK,4,11.4208,11.6978,-1.6536
ZQZOD6FIZm,4,33.877,33.2408,42.1308
1EQHP53JNZ,4,21.5363,19.1871,0.2407
UWNbL0ajaj,2,39.3822,NA,NA
EXaCDtweGF,4,6.901,6.0024,14.2067
mvwWGr1vNR,4,30.2132,49.8275,27.0755
P117czPyRa,4,6.901,6.0024,14.2067
m2RLFAnqlM,4,6.6664,35.2506,4.1819
kaoMkeyrxe,2,39.3822,NA,NA
W8dwf1RLot,2,-30.6713,NA,NA
HDUhUDHlXi,4,33.877,33.2408,42.1308
hJaaM8umnl,4,30.2132,49.8275,27.0755
66IcbzLklR,2,-30.6713,NA,NA
yrgU9WZ4Nb,4,11.4208,11.6978,-1.6536
nT69e5kt3e,4,30.2132,49.8275,27.0755
DdmKa2HdEH,2,39.3822,NA,NA
wIu7aXDRoP,4,-29.6867,-26.7863,-29.2983
cpOdLGVtKi,4,6.6664,35.2506,4.1819
SxLnsjkFqY,4,-29.6867,-26.7863,-29.2983
JHmM05lKxI,4,6.901,6.0024,14.2067
iR7n4wgwes,4,-29.6867,-26.7863,-29.2983
Ry7zSRBmJT,4,-36.8738,-39.185,-0.0818
4zD29XwaSS,4,11.4208,11.6978,-1.6536
oAD2HjoQCw,4,-36.8738,-39.185,-0.0818
gXlV23EMGd,4,-36.8738,-39.185,-0.0818
3N9UYux8Fp,4,30.2132,49.8275,27.0755
7LyqQ0YjOX,4,6.6664,35.2506,4.1819
2CirEWX7MK,4,21.5363,19.1871,0.2407
yUw2uKcEAP,4,6.6664,35.2506,4.1819
fFnfdWGjaH,4,11.4208,11.6978,-1.6536
Ebbpmbzvkg,2,-30.6713,NA,NA
43T63mzel9,2,39.3822,NA,NA
4k1DKBdsMF,4,-36.8738,-39.185,-0.0818
VRJ9if2ZTh,4,21.5363,19.1871,0.2407
hIiMi2EyrJ,4,11.4208,11.6978,-1.6536
x71CoynE4G,4,-29.6867,-26.7863,-29.2983
ffo5TfZWRI,4,21.5363,19.1871,0.2407
lxKaeneMVg,2,22.0981,NA,NA
8usJO3Vjw0,4,33.877,33.2408,42.1308
ToroI2SJkA,2,22.0981,NA,NA
gqpHKr44UD,4,21.5363,19.1871,0.2407
C2uPzu1bxo,4,11.4208,11.6978,-1.6536
zlUOmRzdSa,2,39.3822,NA,NA
Z3ITwDPcKz,4,6.901,6.0024,14.2067
sCPZ1cD0ck,2,39.3822,NA,NA
inplRZuzXc,2,22.0981,NA,NA
zoZJJttIyI,2,39.3822,NA,NA
KrtFVCy9Ys,2,39.3822,NA,NA
eDqPVX6z1o,4,-29.6867,-26.7863,-29.2983
y1g5u4Z0Wz,4,21.5363,19.1871,0.2407
Ir4cXJtcJ9,4,21.5363,19.1871,0.2407
vv6znrJimN,4,33.877,33.2408,42.1308
TaiSbfzZLQ,4,30.2132,49.8275,27.0755
SJnH3px94i,4,-29.6867,-26.7863,-29.2983
pgNhWOxh5U,4,33.877,33.2408,42.1308
SOlkLLSmky,4,30.2132,49.8275,27.0755
RrImwiVo51,4,6.6664,35.2506,4.1819
Dqnc8BG0kd,2,-30.6713,NA,NA
UAD3AjMH8Y,4,21.5363,19.1871,0.2407
aO4Wz1vvVx,4,-29.6867,-26.7863,-29.2983
dWAdtV9u6l,4,-36.8738,-39.185,-0.0818
cx1GJO7CjN,2,39.3822,NA,NA
pmiECTKzOA,4,30.2132,49.8275,27.0755
JkKb3i3Pf4,4,33.877,33.2408,42.1308
gO1czs5mrS,4,6.6664,35.2506,4.1819
lB0bdMEQpE,4,-36.8738,-39.185,-0.0818
IjkVMqnz0k,4,6.6664,35.2506,4.1819
54NYl019XD,4,-29.6867,-26.7863,-29.2983
cgU7bXZs8Y,4,11.4208,11.6978,-1.6536
ZgJrV62d67,2,-30.6713,NA,NA
VuA7MHuxDH,4,21.5363,19.1871,0.2407
CljLzltdkv,4,6.6664,35.2506,4.1819
UE6yOBD0Lr,4,30.2132,49.8275,27.0755
7iqRPUkvrX,4,-36.8738,-39.185,-0.0818
njZS4dvVw9,2,22.0981,NA,NA
XJBKkUeHZk,4,-29.6867,-26.7863,-29.2983
RsI3Amsx7N,2,22.0981,NA,NA
7tyjiBLR6J,4,-29.6867,-26.7863,-29.2983
tX0SX25yg6,4,6.6664,35.2506,4.1819
drnLPbIZwW,2,22.0981,NA,NA
8O48UmM5od,4,33.877,33.2408,42.1308
H5za7QmRbM,4,33.877,33.2408,42.1308
1Auhxs8m2v,4,-29.6867,-26.7863,-29.2983
g25C0VhtmR,4,-36.8738,-39.185,-0.0818
ZhI4kHz0CA,4,11.4208,11.6978,-1.6536
